freebase:id,wikipedia:id,viaf:id,lcnaf:id,moma:id,vanda:id,ima:id,ch:id,ch:name
/m/05zv2b3,22528480,,,,,,18040903,Jack Lenor Larsen
/m/04grt38,18765167,,,,,,18040933,Tucker Viemeister
/m/02r4rz2,11239818,,,,,,18040947,Sue Palmer
/m/0h3xzj_,32855143,,,,,,18040949,Michele Oka Doner
/m/0f94vg,5854220,,,,,,18041023,Vladimir Kagan
/m/078zrz,2393913,,,,,,18041025,Hiroshi Awatsuji
/m/05p6rp,1697559,,,1619,,,18041029,Henry Dreyfuss Associates
,,,,,,,18041077,Donald Cameron
/m/0hr2cyz,34056483,,,,,,18041081,Création Baumann AG
/m/03h3x_c,14989908,,,,3536,,18041127,Per Arnoldi
/m/03c38sz,13375570,,,5800,,,18041173,Ikko Tanaka
/m/0589sr9,20811216,,,,,,18041253,Richard Arbib
/m/0gyvvwk,30129469,,,,,,18041321,Maya Romanoff
,,,,2005,,,18041325,Dan Friedman
/m/0ccj4,45534,100223891,,7661,,,18041345,Aldo Rossi
,,,,,,,18041393,John Bruce
/m/0bp_jq,4207229,,,8451,,,18041437,Dieter Rams
/m/05p6rp,1697559,8198939,,,,,18041501,Henry Dreyfuss
/m/01gx66,225721,,,,,,18041507,"Honeywell, Inc."
/m/02qfkx,563788,,,,,,18041523,Tibor Kalman
/m/05z_tr_,22481954,,,,,18308365,18041543,Belle Kogan
/m/0fy13j,,,,8271,,,18041625,Edward Fella
/m/0dcmnj,5285932,,,7456,,,18041683,Art Chantry
/m/01p60k,274837,,,,,,18041809,Cranbrook Academy of Art
/m/0c8fsq,4550992,,,2330,,,18041839,April Greiman
/m/03mnk,21347024,,,,,,18041847,Hewlett-Packard
/m/03sc8,18622259,,,7636,37577,,18041871,IBM
/m/07zy60,2720986,,,,2601,,18041911,Jean Le Pautre
/m/036wbz,735328,,,,,,18041915,Giulio Romano
/m/0273cw7,8436986,,,,,,18041919,Giovanni Francesco Romanelli
/m/04ggyzk,18749130,,,3020,,,18041923,Edward McKnight Kauffer
/m/05ccb7,1571706,,,,1440,18297497,18041933,Wenceslaus Hollar
/m/027yjg9,9123961,,,,,,18041935,Pietro Novelli
/m/01pkdk,277766,42087786,,,,,18041941,Frederic Edwin Church
/m/047vxb,1121043,,,,,,18041943,Daniel Huntington
/m/07q413,,,,,,,18041945,Jean Bérain
/m/01th73,313284,15044075,,,,18300259,18041949,Winslow Homer
/m/0jkyd9h,35681769,,,,,,18041951,Mauro Gandolfi
/m/02q78z6,10281195,,,,,,18041953,Vittorio Maria Bigari
/m/02vfqg,602144,,,,,,18041955,Augustin Pajou
/m/04y8mqg,20155026,,,,,,18041971,Batiste Madalena
/m/05pbkh,1699063,,,,,,18041973,Donald Deskey
/m/018_d0,182947,,,,51799,,18041981,Random House
/m/059v1j,1552813,,,,,,18041985,Pantheon Books
/m/043phjb,17210825,,,,,,18041989,Asia Institute
/m/04m8t4,1251967,,,,,,18041993,Princeton University Press
/m/01gtzn,225297,,,2058,,,18042001,Emile Gallé
/m/02qkqgy,10631870,,,,,,18042005,William Guy Wall
/m/0fjykm,5999642,,,,,,18042009,Richard Hudnut
/m/03f_4x,840224,66562250,,,16076,,18042011,Joachim von Sandrart
/m/0cmd7_z,13257278,138088373,,,,,18042021,Whitney Warren
/m/07_pg0,2732559,,,,44613,,18042023,Bernard Picart
/m/05vnsy,1770919,,,,69872,,18042039,Zandra Rhodes
/m/03d1d3k,14352395,,,,,,18042041,Hubert-Francois Gravelot
/m/0gyt5ql,32335182,,,,,,18042043,John Pine
/m/03hjt,13447,,,,42063,,18042045,Horace Walpole
/m/02wlk,10683,27148716,,6459,2519,18299953,18042049,Frank Lloyd Wright
/m/015g76,161803,,,,,,18042057,Giovanni Battista Piranesi
/m/0jwvw8r,35877007,,,,,,18042067,Louis-Joseph Le Lorrain
/m/0cc7ftk,27880988,,,,,,18042069,Frederick Crace
/m/077366d,,,,1091,,,18042085,Ivan Chermayeff
/m/05t22y,1750945,,,1122,13526,,18042087,Seymour Chwast
/m/02b0x0,451116,,,,,,18042101,Tim Girvin
/m/03yv28,1008884,,,2188,,,18042107,Milton Glaser
,,,,,,,18042113,Albani
/m/039xt,12635,,,,,,18042115,Giovanni Lorenzo Bernini
/m/05f9tzs,21349329,,,,,,18042119,Domenico Martinelli
/m/088x45,2882394,,,,,,18042121,Andrea Pozzo
/m/02vkz_4,11986510,,,,,,18042125,Giacomo Alboresi
/m/0pyq2,,,,,13312,,18042131,John Nash
/m/05j_bm,1642096,,,,1613,,18042133,Stefano della Bella
/m/0ds3zf,5550776,,,,70660,,18042135,Pierre-Jean Mariette
/m/02866jt,9368918,,,,,,18042139,Domenico Piola
/m/02qs9m8,10861151,,,,,,18042141,Giovanni Odazzi
/m/02qs8w0,10860230,,,,,,18042143,Giuseppe Nicola Nasini
/m/02qblj1,10397010,,,,,,18042147,Angelo Michele Colonna
/m/02pr6zk,9756428,,,,,,18042149,Antonio Gherardi
/m/05y7h,23789,,,,9309,,18042153,Pope Alexander VII
/m/058w5,21019,,,,15872,,18042155,Michelangelo
/m/03z00b,1011185,,,,,,18042161,Baldassare Longhena
/m/0glnxhx,31521822,,,,,,18042163,Isaac de Moucheron
/m/0ftqtd,6166578,,,,,,18042167,François-Joseph Belanger
/m/02812f9,9232429,,,,,,18042171,Antoine Berjon
,,,,,,,18042183,Charles Huntington
/m/01p369,274102,,,,,,18042185,Albert Gallatin
/m/031tgq,673729,,,,,,18042187,James Lenox
/m/072bt8,2303661,,,,,,18042189,William E. Dodge
/m/01vb2,21490963,,,,,,18042193,Chester A. Arthur
/m/01ftf7,217320,7411341,,,,,18042195,Carl Schurz
/m/0c0wd_,4411903,,,,,,18042197,Evan Thomas
/m/020l75,372163,,,,,,18042203,Peter Cooper
,,,,8350,,,18042211,Nicolaus Ott
/m/03nzbq,908990,46764198,,,,,18042217,Raymond Loewy
/m/05k9bsw,,,,,,,18042219,Carlo Galli Bibiena
/m/05k9bsc,,,,,,,18042221,Francesco Galli Bibiena
/m/026n4g5,8002647,,,,,,18042223,Bibiena Family
/m/026m_6n,7998912,,,,,,18042225,Ferdinando Galli Bibiena
/m/05k9bry,,,,,,,18042227,Alessandro Galli Bibiena
/m/01vt1c,323254,,,,,,18042233,Daniel Marot
/m/023ttp,400646,,,,,,18042237,Thomas Moran
,,,,,,,18042253,Vassar
/m/016xm_,170810,,,,,,18042269,Radio City Music Hall
,,,,,,,18042275,Wiener
/m/02fk36,479944,,,,,18308705,18042279,Alcoa
,,,,,,,18042283,B. L.
/m/06vlrs,2202554,,,,,,18042285,William Trost Richards
/m/05x8yl,1791534,59448095,,,,,18042291,Francis Hopkinson Smith
/m/03d29gn,14390708,42641268,,,,,18042301,William Stanley Haseltine
/m/0464sff,17628189,,,,,,18042307,Jayme Odgers
/m/09gb9y7,23249452,,,,,,18042311,Katherine McCoy
/m/01c20g,197544,,,8434,38404,,18042323,Pentagram
/m/06_xmt9,23804512,,,4639,42647,,18042325,Woody Pirtle
/m/0c_x5j,5036398,,,6155,,,18042329,Massimo Vignelli
/m/019rd,4031,,,2030,,,18042337,R.Buckminster Fuller
/m/01d6vj,206029,,,4809,,,18042341,Paul Rand
/m/03gxm9,849349,,,372,13698,,18042343,Saul Bass
/m/011p_b,141330,,,3859,,18301859,18042345,Peter Max
/m/05f5m4s,21270337,,,,,,18042347,Tom Geismar
,,,,,,,18042351,Peter Bradford
/m/02pnh43,9662674,,,,,,18042355,Michael Vanderbyl
,,,,,,,18042367,Earl Woods
/m/0278wby,8583897,,,,,,18042373,Daniel Hopfer
/m/02vrtkm,12160547,,,,32162,,18042375,Jean-Baptiste Monnoyer
/m/0gvv9_j,31950633,,,,,,18042387,Jacques de Lajoüe
/m/02rvj2g,11848841,,,,,,18042393,Etienne de Lavallée-Poussin
/m/028b24c,9467613,,,,,,18042405,Felice Giani
/m/02pyk1w,9973655,,,,,,18042407,Jean-Baptiste Pillement
/m/069zhm,1971257,28214692,,,,,18042411,Samuel Colman
,,,,,,,18042413,Henri Jacob
/m/0c_mmc,5030476,,,,9925,,18042415,Georges Jacob
/m/0l2tk,82058,,,,,,18042421,Brigham Young University
/m/0218gc,378325,,,1547,,,18042429,Jim Dine
/m/027lxmb,8848768,,,,,,18042465,John Follis
/m/096r5p,3341760,109372554,,,,,18042477,Gilbert Seldes
,,,,,,,18042479,Carlebach
/m/0d4nfl,5140732,,,,,,18042481,Benjamin Dean Wyatt
/m/0j5b8,69880,,,,68699,,18042489,Napoleon Bonaparte
/m/018dlc,178877,,,,4340,18299901,18042493,Sir Edward Burne-Jones
/m/07tlss,2639809,,,,,,18042501,Jacques Sarazin
/m/03m6v8,,,,,,,18042503,Condé Nast
/m/027v3x,432397,,,,45217,,18042509,Deere & Company
/m/03shcj,948203,,,,,,18042513,Hugh Ferriss
/m/0bwf4,43357,,,,8720,18298933,18042515,Katsushika Hokusai
,,,,,49801,,18042527,Rubin
/m/03n9k4,902105,,,,,,18042529,Jusepe de Ribera
/m/0cgb6r,4667874,,,,,,18042541,Ely Jacques Kahn
/m/05f8f81,21323102,,,,37798,,18042557,Jean-Guillaume Moitte
/m/05n_kgm,22130580,,,,49402,,18042559,Gabriel Huquier
/m/01k7k8,242867,46882028,,,208,18298649,18042561,Antoine Watteau
/m/051lb9,1438494,,,,,18296803,18042565,Girolamo da Carpi
/m/03fz_9,840190,,,,,,18042567,Abraham Bloemaert
/m/021f63,379665,,,2407,,,18042569,Hector Guimard
/m/026pz6n,8055836,,,,,,18042571,Israhel van Meckenem
/m/026xb3_,8237874,,,,,,18042573,Francesco Trevisani
/m/0h2vjx,7071834,,,,,,18042575,Moses Taylor
/m/03cm4xd,13884882,,,,,,18042581,Andrea Boscoli
/m/06grgz,2036265,46771018,,,,,18042589,Giovanni Domenico Tiepolo
/m/01fr20,216781,,,,,,18042591,Giovanni-Battista Tiepolo
/m/098x8z,3386316,,,,,,18042593,Giovanni Battista Foggini
,,,,,,,18042603,Daily Herald
/m/0bz8tz,4363290,,,,,,18042621,Ferdinando Fuga
/m/0bz427,4360470,,,,40651,,18042631,Carlo Marchionni
/m/03crg7c,14027539,,,,74483,,18042635,Carlo Antonio Buffagnotti
/m/07s_rc,2631276,,,,,,18042637,Jacopo Ligozzi
/m/02vz1st,12288794,,,,,,18042641,Giovanni Battista Natali
/m/01fcrg,214213,27084155,,,49618,,18042645,Andrea Mantegna
,,,,,,,18042651,Nicola Fiore
/m/0h7mqqk,33313404,,,,,,18042655,Jean-Jacques-François Le Barbier
/m/0506cv,1421679,88072957,,,,,18042657,Juste-Aurèle Meissonnier
/m/0gx8fy,6924542,,,,75283,,18042663,Nicolas Pineau
/m/0kt1vq,7649599,,,,,,18042665,Charles de Wailly
/m/09_wqs,3784876,,,,,,18042671,Giacomo Quarenghi
/m/0b1_by,3827106,,,,,,18042675,Giuseppe Valadier
/m/03hjqg9,15137196,,,,,,18042679,Pompeo Marchesi
,,,,,75379,18294921,18042681,Unknown
/m/0c8mr,,,,,,,18042685,"Marie Antoinette, Queen of France"
/m/07sq_b,2627241,,,,,,18042687,Jean-Siméon Rousseau
/m/0fdvbk,5924987,,,,,,18042689,Victor Louis
/m/03csd7n,14062739,,,,,,18042693,Giocondo Albertolli
/m/0d_x3,53408,,,2308,,,18042695,Michael Graves
/m/0gn7jg,6773379,7440183,,,,,18042697,Germain Boffrand
/m/0gg7fn6,31059811,,,,,,18042707,Charles-François Hutin
/m/0f1f0,53613,,,3910,34579,,18042729,Richard Meier
/m/0383hl,749755,,,1784,,,18042743,Alexandra Exter
/m/026n1fh,8000541,,,,,,18042789,Giuseppe Bernardino Bison
,,,,,,,18042791,Lewis Davis
,,,,,,,18042803,Allen Lewis
/m/0gttlsq,31804004,,,,,,18042805,Marcus de Bye
/m/0fpk3w3,29610160,,,,,,18042813,Cornelis Visscher
/m/04k23v,1226508,,,5627,44593,18300225,18042821,Saul Steinberg
/m/0261xs_,,,,,,,18042827,Francesco Salviati
/m/07hpgg,,,,,,,18042839,Ando Hiroshige
,,,,,,,18042849,Jean DuBois
/m/019fcl,186100,,,,,,18042853,Arnold Joost van Keppel
/m/06pl9v,2137897,,,,,,18042861,Rosalba Carriera
/m/05zqrxb,22715669,,,,,,18042871,François Chauveau
/m/04pwg,,,,,,,18042873,"Louis XIV, King of France"
/m/02r1ybn,11156214,,,,,,18042877,Mauro Antonio Tesi
,,,,6390,38759,,18042881,Robert Wilson
/m/0gw_68n,32017546,,,,9666,,18042887,Etienne Delaune
,,,,,,,18042891,Unknown
/m/03d13r0,14343534,,,,,,18042893,Pierino da Vinci
,,,,,,,18042897,Ranuccio Farnese
/m/08x3kq,3174541,,,,,,18042899,Jean-Jacques Lequeu
/m/086zrw,2853714,46833997,,,,,18042909,Augustus Charles Pugin
,,,,,,,18042925,Antonio Sarti
/m/0j194,69246,,,,,,18042933,Pope Pius VII
/m/02w5sr8,12436909,,,,,,18042935,Giovanni Volpato
/m/04093,15770,,,,8168,,18042987,Jules Verne
/m/037fkx,741290,,,,,,18042989,Nathaniel Currier
/m/01pwz,5635,,,,,,18043003,Christopher Columbus
/m/082db,33163,,,,,,18043005,Wolfgang Amadeus Mozart
,,,,,,,18043019,George Baxter
/m/0p_nx,102989,,,4136,,,18043027,Alphonse Maria Mucha
/m/077d8t,2374232,,,,12192,18299867,18043031,Giovanni Benedetto Castiglione
/m/0c43g,44525,,,,39613,18305005,18043051,Raphael
/m/0sy8w,113575,,,,40645,18295411,18043053,Robert Adam
/m/0bskv2,4254144,,,,3469,18295685,18043087,Rembrandt Harmensz van Rijn
/m/0g_6k,63093,,,4016,,,18043099,Joan Miró
/m/09qpn6,3624721,,,,57247,,18043105,Francesco Solimena
/m/06wgyr,2214279,,,,32744,,18043115,Heinrich Aldegrever
/m/0gct_,60203,42630086,,3832,53324,18298025,18043119,Henri Matisse
/m/069k5m,1965843,64934320,,,,,18043135,Elihu Vedder
/m/04qb96c,19909485,,,,,,18043137,Ashbel Holmes Barney
/m/0q2c2,103362,,,4942,,,18043157,Diego Rivera
/m/05849t,1527179,,,,,,18043161,Peter Julian
/m/026p5x1,8032274,,,,,,18043167,Post No Bills
/m/02f37c,476217,,,,42598,,18043169,Guerrilla Girls
,,,,,,,18043171,Peter Cohen
/m/0gg8l6_,31040227,,,,,,18043185,Charles Mellin
,,,,,,,18043197,Granger
/m/03m72dq,15398749,42708256,,,,,18043199,Clare Francis
/m/05t00xq,22403434,,,3035,,,18043215,Jerry Kearns
/m/027gc04,8723702,109482861,,,,,18043217,Lucy Lippard
/m/0gvtcdg,31541033,,,,,,18043219,Georgina von Etzdorf
/m/09cyzn,3448001,,,7098,,,18043229,Seth Tobocman
/m/07k1_7,2512756,,,,,,18043231,Frank Morales
/m/05b2ys,1556298,,,,,,18043233,Peter Kuper
,,,,,,,18043237,Caz
/m/04qbzh,1289372,62747615,,7087,,,18043241,Eric Drooker
,,,,,,,18043245,I.B.
/m/03ltbg,886599,,,7110,,,18043249,Avram Finkelstein
/m/0g9gny,6538365,,,2208,,,18043255,David Lance Goines
,,,,,,,18043259,Robert Cuni
/m/0blr14,4149197,,,7104,,,18043263,Lady Pink
/m/0bhsq2,30206742,,,,,,18043265,Nancy Burson
/m/07vpqj,2654608,95715926,,1170,,,18043271,Sue Coe
/m/0g1sc,58821,,,,,,18043283,Taddeo Zuccaro
,,,,,,,18043285,Gang
/m/02rvlm3,11850854,,,,,,18043287,Mattia de Rossi
/m/04z49v,1394585,,,,,,18043293,Charles Martinet
/m/0606lx,1842275,108760942,,7570,,,18043301,James Wines
/m/039704,761659,,,,,,18043305,Wallace Nutting
/m/05p00xv,21978570,84867554,94034121,,,,18043309,Ruth Reeves
,,,,,,,18043313,Crosley Radio Corporation
/m/06gst,25970,,,8649,,,18043315,Radio Corporation of America
/m/03hhjy,854569,27073465,,,,,18043319,Francesco Guardi
/m/02vr8c,605079,,,,,,18043327,Guido Reni
/m/03gmgb,846559,,,,,,18043329,Ludovico Carracci
/m/04_0r2s,20349675,,,,,,18043331,Alvin Lustig
/m/02qd25x,10436916,19573973,,,,,18043333,Arnold William Brunner
,,,,,,,18043349,Salvatori
/m/06nwrm,2125670,,,,,,18043353,Louis-Jean Desprez
/m/0cf_5k,4661570,,,6460,,18296469,18043357,Russel Wright
/m/02plv4k,9612650,,,,,,18043361,Eduardo Muñoz Bachs
,,,,,,,18043367,Nestor
,,,,,,,18043375,Luis Vega
/m/01ry3d,301364,,,,,,18043377,Union Carbide
,,,,,,,18043395,Crest
/m/036xgg,,,,,,,18043401,Gillette
,,,,,,,18043403,Greenpoint
/m/01tbm7,312284,,,,,,18043405,Jascha Heifetz
,,,,,46656,,18043411,Johnson
,,,,,,,18043415,R. W. L.
/m/05kx9k,1653322,,,,,,18043417,Thomas W. Lamb
,,,,,,,18043419,Lykos
,,,,,,,18043421,Richard  H. Mandel
/m/026nvd1,8021871,,,,,,18043427,Park Central Hotel
/m/037zl6,747450,,,,,,18043433,Helena Rubinstein
,,,,,,,18043437,F.H. S.
/m/0dp68,,,,,,,18043445,Steinway and Sons
,,,,,,,18043451,Ullman
,,,,,,,18043463,Westervelt
,,,,,41900,,18043469,Robert Jones
/m/06bpp5,1980907,,,7512,,,18043471,Edward William Godwin
/m/0cbl84,4592943,,,,,,18043475,Walter Shirlaw
/m/06w6tkv,23558341,,,,,,18043483,Rene Boyvin
/m/0b6dnnx,25935671,,,,,,18043489,Francesco Villamena
/m/0kspzy,7512254,,,,,,18043501,Gilles-Marie Oppenord
/m/0fqkpj,6110232,,,,,,18043503,Jean-Baptiste Oudry
/m/02w1wyg,12376266,,,,,,18043519,André Mare
/m/02rv36g,11837797,,,6289,,,18043521,Wolfgang Weingart
/m/06pqc8,2139831,25538073,90018585,5740,75051,,18043523,Ladislav Sutnar
,,,,,,,18043545,Mrs. Smith
/m/0d__g,53421,,,2927,,,18043547,Philip Johnson
/m/01qygl,19629560,,,,,,18043549,Procter & Gamble
/m/08vlyw,3149488,,,,,,18043555,Dorothy Draper
/m/0c3vf3q,27668827,,,,,,18043563,Jean Audran
/m/04_1tk4,20351735,,,,,,18043595,New York Department of Health
/m/03kdl,13682,,,,,,18043603,Herbert Hoover
/m/04s5_s,1313805,,,,,,18043625,Mike Mills
,,,,,,,18043651,Stephen Doyle
/m/09zqzc,3764125,92536323,,7070,,,18043689,Paula Scher
/m/07rd59,2607965,74990610,,,,,18043709,Henry Hitchings
/m/0gx_rgw,32263355,,,,920,,18043723,Barovier & Toso
/m/0fc1vf,5890367,,,1028,,,18043737,Achille Castiglioni
/m/0gg6_80,30947200,,,,37386,,18043745,Dedham Pottery
/m/06_vk9,2271988,47159863,,1616,947,,18043763,Christopher Dresser
/m/027qz17,8951521,,,,,,18043779,F B
/m/08rj30,3101790,,,,,18295393,18043789,Gorham Manufacturing Company
/m/0bmg030,26710638,,,,37162,,18043793,Grueby Faience Company
,,,,,53533,,18043811,Huet
/m/080p37z,24619282,,,,535,,18043821,Jennens & Bettridge
,,,,,10626,,18043833,L.
/m/0hwm2,68360,,,,951,,18043837,Lalique
/m/03czkb3,14261804,,,,,,18043851,Mary Chase Perry
,,,,,,,18043857,Meissen
/m/071rqt,2296421,,,,4759,,18043865,Morris & Co.
/m/08304,33277,,,7061,1835,18296011,18043867,William Morris
,,,,,,,18043871,Oriel
,,,,,,,18043875,Overbeck
/m/03rht6,935960,,,,,,18043879,Pewabic Pottery
/m/02x8kvf,30862869,,,,3482,18295725,18043903,Rookwood Pottery
/m/02x8r49,12870207,,,,,,18043911,Kataro Shirayamadani
/m/0bghzq,4069515,,,,28,,18043915,Royal Doulton
/m/05pcbv5,21888487,,,,770,,18043937,Thomas Webb & Sons
/m/02w2c0h,12384847,,,,2737,,18043943,Matteo Thun
/m/09_41f,3771489,,,,106,,18043969,Wedgwood
/m/028c4_4,9493643,,,,38161,,18043973,Weller Pottery
,,,,,,,18043977,William Morris & Co.
,,,,,,,18043981,Worcester
/m/05sy0rx,22340843,,,,13041,,18043983,Zuber & Cie
/m/03gb7h,843787,,,,61677,,18043993,Bloomingdale's
/m/0gsgl0,6849554,,,6208,,,18044003,Wilhelm Wagenfeld
/m/084_bc,2823584,,,,,,18044009,Vivianna Torun Bülow-Hübe
/m/07lwg1,,,,1196,,,18044019,Joe Colombo
/m/080n505,24775951,,,6129,,,18044027,Paolo Venini
,,,,,,,18044031,Sasaki
/m/03mbfg5,,,,,,,18044043,Robert Crawford Johnson
/m/0843_d,2809986,,,4119,,,18044047,Koloman Moser
,,,,,,,18044063,Degler
/m/0615pm,1853796,,,1968,,,18044083,Kaj Franck
/m/058xw_,1539302,,,4384,,,18044085,George  E. Ohr
/m/03c50dm,13428974,,,,,,18044095,Richard Notkin
/m/0dfkqn,5323081,,,,,,18044099,Mintons Ltd.
,,,,,,,18044103,William Taylor
,,,,,,,18044123,Jørgen Jensen
,,,,,,,18044125,Holdcroft
/m/03lr0g,885576,,,,60764,,18044143,Hans Collaert
/m/0b2_lt,3845590,,,,,,18044155,Viktor Schreckengost
/m/03_mgt,1028472,,,438,,18300267,18044161,Peter Behrens
/m/0c63g3,4507710,,,,,,18044163,Wertheim Department Store
/m/07sbs54,24271218,,,,,,18044177,Charles Baskerville
,,,,,,,18044179,Jean Cros
,,,,,,,18044181,John Wakelin
/m/02rpy30,11716189,,,,,,18044191,Childs Frick
/m/01y3gr,341285,,,,,,18044203,Elsa Peretti
/m/03_z03,1032041,,,,,,18044207,Max Factor
/m/0489tk,1124045,,,,,,18044209,Noritake
,,,,,,,18044211,Imperial Hotel
/m/0h7k5,14998012,,,,74820,,18044223,Air France
/m/0c0cmm,4403153,,,3925,71745,,18044233,Alessandro Mendini
/m/03b_lbg,13260110,,,,,,18044241,Ronald E. Kent
,,,,3171,,,18044253,Archibald Knox
/m/0jr3z,73516,,,5876,,18295219,18044255,Louis Comfort Tiffany
/m/06_vfxx,23848751,,,,,,18044265,Dagobert Peche
/m/0c42hm7,27678671,,,,,,18044267,Gijs Bakker
/m/01kp2v,,,,,,,18044269,Charles Eames
/m/0k2k54l,36260459,,,3766,,,18044291,Enzo Mari
/m/08c28f,2911961,,,4163,,,18044293,Bruno Munari
/m/08y3xy,3190123,,,,31171,,18044305,Paco Rabanne
/m/026lkzp,,,,,,,18044323,Knoll International
/m/09gg8vb,25343777,,,,,,18044325,Jens Risom
/m/0cv752,4920194,,,,,,18044327,Frederick Hurten Rhead
/m/0k2m1zb,36168306,,,,,,18044339,Shreve & Co.
/m/04tkh2,1333837,15842729,,,543,,18044341,Eric Ravilious
,,,,,,,18044345,Wilkinson
/m/04g3zy,,,,,,18296283,18044349,Tiffany Studios
/m/0hwm2,68360,,,,,,18044355,René Lalique
,,,,,,,18044365,Napier
/m/03h_tx,,,,,,,18044369,William Frend de Morgan
/m/07h75p,2485779,,,,,,18044371,Moravian Pottery and Tile Works
/m/02qr8z5,10828342,,,4241,,,18044395,Otto Natzler
/m/08v7hx,3143947,,,,,,18044417,Olaf Skoogfors
/m/09wh2_,3707753,,,4570,11292,,18044441,Gaetano Pesce
,,,,,,,18044465,Mennecy
/m/0k0f5pb,36141676,,,,,,18044469,Volkstedt
/m/04g0kvh,17540770,,,3044,,,18044485,Douglas Kelley
,,,,,,,18044487,Laverne
/m/0432n7,1067409,,,3842,,,18044489,Roberto Sebastian Matta
/m/07fhb3,2457839,,,451,,,18044493,Mario Bellini
/m/09gh4fg,25169657,,,1978,,18307441,18044503,Gianfranco Frattini
/m/026p2z5,8030356,,,,7948,,18044507,Artemide
/m/0gw70l,6901053,,,241,,,18044509,Gae Aulenti
/m/0c06p,44017,,,,,,18044511,Candle
/m/0h52nl,7119776,,,2328,,,18044539,Vittorio Gregotti
/m/061632,1853957,,,5168,,,18044543,Timo Sarpaneva
/m/0lxh0,86768,,,2869,,,18044547,Arne Jacobsen
/m/0ch5n8r,28017210,,,,,,18044551,Kay Bojesen
/m/062989,1866819,,,,833,18307185,18044553,Kosta Boda
/m/09v9d_3,25769264,,,,8405,,18044573,Rorstrand
/m/0268p5d,7679503,,,,,,18044575,Edwin Scheier
/m/02755dp,8486669,,,,,,18044577,Mary Scheier
/m/0615l4,1853769,,,6409,,,18044579,Tapio Wirkkala
/m/06qcl7,2148792,,,,,,18044605,Breon O'Casey
/m/02dqxd,,,,,,,18044627,Hans J. Wegner
/m/0gbct8,6556328,,,4316,,,18044635,Marcello Nizzoli
/m/04jd9gb,19091182,,,7560,,,18044647,Gwathmey Siegel & Associates
,,,,,39545,,18044651,Alias
/m/04dhv_,1174550,9899554,,769,,,18044669,Marcel Breuer
/m/0ks1y8,7304575,,,,,18297613,18044673,Johann Joachim Kändler
,,,,,,,18044675,Erik Fleming
/m/01xh0k,335794,,,,15969,,18044689,Samuel Bing
,,,,,,,18044691,L'Art Nouveau
/m/065zd,24750,,,,,,18044715,Porter Blanchard
/m/080nvd,2749395,,,,,,18044721,Westclox
,,,,,847,,18044735,Orrefors
/m/01fk8j,215490,,,7443,,,18044737,David Law
/m/0q1js,103268,,,,68536,18295293,18044755,A.W.N.  Pugin
/m/02vrqn_,12157374,,,,,,18044759,Pierre-Philippe Thomire
/m/07m7jn,2546440,,,,3380,,18044767,Meissen Porcelain Factory
/m/01s30t,302784,,,,861,18299467,18044769,Steuben Glass
/m/07whqf,2666306,,,,,18307889,18044781,Reed & Barton
/m/026g6vk,7851097,,,,213,,18044785,James Powell & Sons
/m/0b60lv,3903160,,,,64809,,18044787,Frederick Carder
,,,,,,,18044789,Steuben
/m/07gj5y,,,,,,18296751,18044797,Keith Murray
,,,,,,,18044799,Norman Wilson
/m/0280zwj,9228486,,,,,18308393,18044801,Roseville Pottery
/m/03m9lv_,15446341,,,,,,18044811,David Vestal
/m/074gh7,2333217,284011,,,72222,18305651,18044819,Richard Redgrave
/m/082hnj,2784087,,,6592,,,18044821,Piet Zwart
/m/06rmcb,2164292,,,,44822,,18044823,Guerlain
,,,,,6414,,18044843,Cappellini
/m/0j7j9t4,35194848,,,,,,18044857,Marijke de Goey
/m/014jjj,156436,,,8418,16315,,18044865,Philippe Starck
/m/03d3jpt,14438023,,,,,,18044883,Pelican Products
/m/01kqkz,246936,,,,61700,,18044889,Black & Decker
/m/03kc5t,871528,,,,,,18044905,René Paul Chambellan
/m/01jksf,,,,,,,18044909,Westinghouse
/m/0dmr_m,5457648,,,,,,18044911,Oster
,,,,,,,18044935,Merkelbach
/m/06n4b4,2115268,,,,,,18044941,George Sakier
/m/04n2j13,19659617,,,,,,18044943,Fostoria Glass Company
/m/0273tw6,8450136,,,,,,18044951,"Shreve, Crump & Low"
/m/0j2b6f0,34605741,,,,,,18044959,Arthur Eugene Baggs
,,,,,,,18044969,Abraxes
/m/0fxs9c,6227038,,,,9746,,18044975,Villeroy and Boch
/m/0f7tt,54595,,,3671,,,18044987,Charles Rennie Mackintosh
,,,,,,,18044989,Berndorf
/m/0277h1_,8548168,,,5162,,18300501,18044991,Richard Sapper
/m/02qtnxj,10906526,,,6544,,,18044993,Marco Zanuso
,,,,,,,18044999,EFM
/m/0hhjk,66107,,,,75319,,18045001,The Museum of Modern Art
/m/01hgbb,,,,,,,18045011,Western Electric Manufacturing Company
/m/0bqt_j,4223241,,,,,,18045013,Kem Weber
,,,,,,,18045017,Hammond
,,,,,,,18045037,Poul Hansen
/m/03bkcp,775874,,,,,,18045045,Hendrik Petrus Berlage
/m/0bmf1gs,26924909,,,,,,18045057,W.H. Gispen
/m/06mzhh,2112528,,,,,,18045067,Alexandre Brongniart
/m/02qngk2,10729115,,,,,18296401,18045087,Jean-Baptiste-Claude Odiot
/m/0fb65j,5874071,,,,13010,,18045089,Fabergé
/m/02rtwj1,11829480,,,,42194,,18045091,Lomonosov Porcelain Factory
/m/01yb3t,342837,,,1249,1052,,18045093,Corning Glass Works
,,,,,,,18045117,Ludwig Suetterlin
/m/027q5sh,8931992,,,,,,18045129,George Washington Maher
,,,,,12492,,18045131,Cartier
/m/0378jh,739555,74022344,,,,,18045153,Walter Crane
/m/067m_y,1939968,,,,,,18045171,Sunbeam Corporation
/m/02x3vl5,12764295,,,,,,18045183,Mikhail Mikhailovich Adamovich
,,,,,,,18045203,Lebedeva
/m/04dvd,17300,,,3710,38475,,18045205,Kazimir Severinovich Malevich
/m/08kmrj,3014315,,,,,,18045215,Vkhutemas
/m/04y71p4,20093505,,,,,,18045221,Heinz Werner
/m/06stqk,2179648,9839341,,,38792,,18045245,Boris Mikhailovich Kustodiev
/m/02vr6d6,12142731,,,,,,18045257,Ivan Kuznetsov
,,,,,,,18045357,Ray Sander
,,,,,,,18045369,Michael Barry
,,,,,,,18045373,Jay Wilson
/m/087c7,34164,,,,52195,,18045375,Xerox
/m/0dt48c,5571944,,,,,,18045419,Bromley Hall
/m/04tynd,1338894,,,7077,,,18045429,Gustav Stickley
/m/0dscqkb,29261380,,,,,,18045445,Louis-Henri Breviere
/m/02gc67,487018,116681603,,4485,,,18045471,Verner Panton
,,,,,,,18045475,Arthur Lee
/m/050w7s,1429649,,,3641,,,18045529,Jean Lurcat
/m/0czb37z,28735359,,,7346,,,18045553,Astrid Sampe
/m/047f487,17739495,,,,,,18045565,Raymond Duncan
/m/0bvs4t,4297978,,,,76196,,18045567,Jean-Baptiste Huët
/m/02z0p97,12939660,,,,,,18045633,Diane Itter
/m/02pw57r,9894336,,,,,,18045635,Mariska Karasz
/m/0f810c,5833004,113941266,,,,,18045647,Mary Walker Phillips
/m/02vx4d3,12240071,,,,,,18045651,John Henry Dearle
/m/02_7k9,646742,,,,4496,,18045681,Paul Poiret
/m/037rjn,744872,,,1646,,,18045693,Raoul Dufy
/m/02rjzbn,11579659,,,,,,18045695,Chatham Manufacturing Company
,,,,,,,18045715,Édouard  Bénédictus
/m/0j26mv3,34576757,,,,,,18045727,Jhane Barnes
,,9825649,,,,,18045747,William Hodge
/m/0c40qv8,27609063,,,,,,18045761,Intair
/m/02250p,385762,93197959,,5536,,,18045807,Ettore Sottsass
/m/019h1v,186466,29552547,,2679,,,18045813,Howard Hodgkin
/m/09ry7h1,,,,,,,18045841,Cheney Brothers
/m/0f1gs,53621,108427049,,8215,575,18308065,18045843,Robert Venturi
,,,,,,,18045847,Dwight Taylor
/m/0c58wzb,,,,,,,18045849,Clayton Knight
/m/025mk3,415077,,,,,,18045853,John Held Jr.
/m/03_dc1,1025817,,,,,,18045913,Paul Simmons
/m/0gtwvgq,31619208,,,,34250,,18045915,Timorous Beasties
/m/0b48hv,3871014,,,,,,18045919,Rainbow
/m/05dq64,1588280,44557607,,,,,18045927,Bernard Rudofsky
/m/03mhvmq,15616934,,,,,,18045935,Lucienne Day
,,,,,,,18045951,Vera
/m/071llk,2294579,46825663,,,,,18045963,May Morris
,,,,,,,18045975,Lufthansa German Airlines
/m/036rsv,,,,,4469,,18045993,Mariano Fortuny
/m/02z2z_n,13004115,,,,,,18046005,Tzaims Luksus
,,,,,,,18046009,Elizabeth Tudor
/m/0ddny6,5306291,,,,,,18046025,Vuokko Eskolin Nurmesniemi
/m/06zsyb,2257689,,,,,,18046029,Armi Ratia
,,,,,,,18046053,David Barrow
/m/02829qr,9267337,,,,,,18046065,Cressida Bell
/m/0f4hnq,5786359,,,3555,,,18046089,Stig Lindberg
,,,,,,,18046093,Caroline Gray
/m/076xqz9,23944338,,,,,,18046097,Alexander Brebner
/m/06hwls,2054399,,,,,,18046101,Folly Cove Designers
/m/05x0m5,1788606,,,,,,18046105,Ken Done
/m/0938xg,3284408,,,5814,,,18046125,Lenore Tawney
/m/02ztp5,642414,,,,,,18046171,Owens Corning Fiberglass
/m/02z4p04,13051327,,,,,,18046183,Associated American Artists
,,,,,,,18046197,John Hull
/m/0bmc8bt,26666649,,,4571,,,18046203,Gabor Peterdi
/m/05qssn,1717512,,,,,,18046213,Tony Sarg
/m/0cpt73,,,,,,,18046215,Merton Abbey
/m/08pq33,3075550,,,96,,,18046221,Anni Albers
/m/03yhtn7,16635777,,,,,,18046225,Hans Krondahl
/m/06v5_4,2197022,,,,,,18046273,Ken Scott
,,,,,,,18046283,Owen Jones
/m/036rtk,734091,,,,73030,,18046285,Jean Patou
/m/0g8h21,6518264,,,,7881,,18046291,Fiorucci
/m/023q3s,399761,,,,,,18046307,John Hewson
/m/04n52nj,19380953,,,,,,18046321,Orinoka Mills
/m/09glzhp,24985452,,,,13637,,18046337,F. Schumacher & Co.
/m/052_lth,,,,1971,,,18046343,Josef Frank
/m/06dr8q,2009303,,,,7868,,18046351,Hermès
/m/03092z,10899874,,,2694,,,18046353,Josef Hoffmann
/m/0c02rz8,27452039,,,,,,18046365,"Arthur Sanderson & Sons, Ltd."
/m/01fm2,4481,59088051,,,32450,,18046377,Beatrix Potter
/m/02p_bp_,10029748,,,,,,18046439,Jean-Baptiste Réveillon
/m/01pkvx,277858,,,,16068,,18046463,"Sears, Roebuck and Co."
,,,,,43722,,18046467,Duro
/m/0g65kh,6459294,,,,,18297127,18046485,Mary McFadden
/m/04zwycr,20334441,,,,,,18046513,Andre Groult
/m/06gxfk,2038953,9845043,,,,,18046515,Rene Crevel
,,,,870,,,18046529,Charles Burchfield
/m/0czcshg,28720037,,,6463,,,18046531,Paul Wunderlich
,,,,,,,18046533,Marburg
/m/037ynw,,,,2931,,,18046535,Allen Jones
/m/025zb2n,7328346,,,5882,75356,,18046537,Jean Tinguely
/m/0226vh,386255,,,,,,18046543,Peter Phillips
/m/04n3j_w,19467874,,,,,,18046545,Getulio Alviani
/m/027tfyk,9014286,,,,,,18046551,Fritz August Breuhaus de Groot
/m/03ym8tk,16679391,,,,,,18046581,Carl-Axel Acking
/m/03fz25,839945,,,,,,18046593,Sigvard Bernadotte
/m/05c55pq,21168564,,,,,,18046643,Peggy Angus
/m/07zfwf,2710478,,,,51007,,18046663,William Burges
,,,,6391,,,18046669,Scott Wilson
,,,,,,,18046697,E.S.
/m/08ggv6,2964420,,,,,,18046701,Henry Butler
/m/0kc6,864,56617645,,6246,12770,,18046705,Andy Warhol
/m/05_dv5,1830848,,,395,31266,,18046723,Edward Bawden
,,,,,,,18046751,Braendli
/m/0bwsp1,4318009,,,,,,18046753,Tekko
/m/0405ryc,16776968,,,,,,18046763,Jofa
/m/0832kj,,,,,,,18046811,Charles Francis Annesley Voysey
,,,,,,,18046869,Mountville
,,,,,,,18046885,Peacock
,,,,,,,18046891,Staunton
/m/02z34m3,13007967,,,,,,18046895,Nancy Warren
/m/011w7m,141931,64001320,,,54738,18306193,18046909,Sir J.M. Barrie
,,,,,4372,,18046963,Williamson
/m/0c1np8k,30050245,,,,,,18046977,Joan Perry
,,,,,,,18046999,Anthony Little
/m/06w6tpz,23389980,,,,,,18047007,Ben Morris
/m/0gf0nv,6618372,,,,,,18047063,Gene McDonald
/m/0hr5zpy,34086281,,,,43848,,18047087,Marburger Tapetenfabrik
/m/01p6n6,275016,,,2145,,,18047097,Charles Dana Gibson
,,,,,,,18047111,Hannah Davis
/m/06qq7g,2153245,,,,,,18047161,Albert Warner
/m/01f78w,213216,,,922,3851,18300447,18047163,Alexander Calder
/m/0hpyg,67257,,,,,,18047195,Chester Gould
/m/04n6dfl,19589898,,,,,,18047201,Paul McCobb
/m/080dtz7,24461131,,,,,,18047207,Vera Neumann
/m/07s7b4y,24347277,8916620,,,,,18047217,Arnold Blanch
/m/02q8vl9,10336533,,,,,,18047219,Aaron Bohrod
/m/027mdx0,8861575,,,1466,,,18047221,Adolf Dehn
/m/060_7,24176,15873,,4609,50139,,18047293,Pablo Picasso
/m/015qp7,163444,64163914,,,1838,,18047313,Kate Greenaway
/m/04045fq,16721204,,,,,,18047333,Stanley Bate
,,,,6281,33744,,18047345,William Wegman
/m/0962h6,3328449,,,,,,18047369,Cecil Aldin
/m/0l12d,81795,,,8200,,,18047417,David Byrne
/m/09c7b,37535,,,,45022,,18047467,Metropolitan Museum of Art
/m/0hhj3,66106,,,,,,18047689,Whitney Museum of American Art
,,,,,,,18048069,HERTING
/m/04p9w9,1275160,,,,987,,18048101,Wiener Werkstätte
/m/052345,1444356,,,,,,18048151,"Herman Miller, Inc."
,,,,,,,18048173,FASSLER
/m/0451_2,1089837,,,5634,3107,,18048503,Theophile Alexandre Steinlen
/m/02p_l82,10036067,,,,,18297039,18048547,Paul T. Frankl
/m/0gynjd_,,,,6965,,,18048563,Vladimir Stenberg
/m/03bnb,12730,,,,51880,,18048579,General Electric Company
/m/01z9kt,351248,,,1444,,,18048585,Niki de Saint-Phalle
/m/07s733f,,,,,,,18048595,Kvadrat
/m/0ch5n8r,28017210,,,,,,18048601,Kay Bojesen
/m/0dfkqn,,,,,,,18048701,Minton's
,,,,,,,18048703,Benson
,,,,,,,18048715,Delta
/m/025wn0x,7223413,,,,,,18048729,Private collection
,,,,,,,18048743,Jack Wright
,,,,,,,18048745,George Payne
,,,,,,,18048775,Modern Arts
,,,,,,,18048961,"Street & Smith Publications, Inc."
,,,,,,,18049029,Paul Dean
/m/09c3vs,3432164,,,,,,18049031,Paul Dillon
,,,,,,,18049049,Haussmann
/m/04cwqjq,18117146,,,,,,18049067,American Print Works
/m/071k0z,2294024,,,,,,18049115,Studio X
/m/03pfft,914229,,,,,,18049121,Rolodex
,,,,,,,18049129,Elsterwerda
,,,,,38300,,18049133,Schramberg
,,,,,,,18049139,Goebel
,,,,,,,18049149,"Apple Computer, Inc."
/m/032jjq,681834,,,,,,18049155,Abraham Bosse
/m/01bnyy,194846,,,,,,18049165,Telekom
/m/01gtzn,225297,,,,,,18049175,Gallé
,,,,,11207,,18049179,Daum
/m/04xqtq,1374962,,,,34241,,18049191,Van Cleef and Arpels
/m/05f3mf5,21425312,,,,,,18049199,Merry-Joseph Blondel
/m/02qgvcp,10528970,,,,,,18049203,Rebeca Méndez
/m/0hznj7q,34266838,,,,,,18049219,Jean Adrien Mercier
/m/0fx_wm,6231500,71510347,94029554,,,,18049223,Michael Bierut
,,,,,,,18049227,Keith Brown
,,,,,,,18049319,Art Smith
/m/03c0vw2,13293492,,,,,,18049327,Charles-Antoine Coypel
/m/0409d5w,16881561,,,,,,18049353,Alexandre Evariste Fragonard
,,,,,,,18049357,Boquet
,,,,,,,18049359,Riton
/m/04f2v5h,18482809,,,,,,18049449,Joseph Dufour et Cie.
/m/050dh,19958,95775085,,696,,,18049451,Mario Botta
/m/01vhz5,320965,,,,,,18049475,Pennsylvania Railroad
/m/05f9jmf,21442470,,,,,,18049491,Jacques-Denis Antoine
/m/0glhl,61154,,,,,,18049499,Etienne-Louis Boullée
/m/05b0q_,1555286,,,,,,18049501,Heinz Edelmann
/m/017jv5,174319,,,,54460,,18049503,United Artists
,,,,3788,,,18049517,Charles Martin
/m/01bs3z,195487,59097680,,,,,18049565,Charles Le Brun
/m/03rcq3,934307,,,,,,18049569,Pierre Lescot
/m/07fy41,2464429,,,,,,18049571,Jean Goujon
/m/08q4w7,3082370,69852805,,,,,18049573,Marguerite Zorach
/m/03czkv6,14262284,,,,,,18049575,The Educational Alliance
/m/06yvx8,2245401,,,,,,18049591,Jacques Ignace Hittorff
,,,,,,,18049621,Advisory Council
/m/06wgbys,,,,,,,18049721,Apple Films
/m/05wdhv,1780815,,,,,,18049729,Radius
/m/0z07,2386,,,,61084,,18049749,American Airlines
/m/0z6n,2402,,,,11277,,18049765,Albrecht Dürer
/m/0h7lbdv,33331129,,,,,,18049769,Sarah Campbell
,,,,,,,18049793,Gordon
/m/017jsh,174311,,,,,,18049809,Benjamin Thompson
/m/0jl1lfl,35622315,,,,,,18049811,Tommi Parzinger
/m/09nkw2,3592515,,,,,,18049819,Tupperware Corporation
,,,,,,,18049831,Annaburg
,,,,,,,18049837,Georgenthal
,,,,,,,18049839,Karlsruhe
/m/02ryh81,11929764,,,,,,18049849,Maija Isola
,,,,,48377,,18049853,Jamet
,,,,,,,18049861,Peter Chang
,,,,,,,18049985,Harvey Smith
/m/05zjt9,1820546,109121023,,,,,18050011,George Nakashima
/m/03m87s_,15427695,,,,,,18050013,James Hazen Hyde
/m/0524fmf,20610574,,,,,,18050015,Charles Meynier
/m/047q8r_,17910084,,,,,,18050033,Anne Vallayer-Coster
/m/039pn_,766195,54944558,,,,,18050035,Augustus Saint-Gaudens
,,,,,,,18050045,Charles Swainson
/m/09m6y0,3569986,,,,,,18050049,Sven Markelius
/m/03kq76,874862,95723646,,,,,18050065,Kenneth Snelson
/m/02lvmv,14652786,,,1672,,,18050087,Ray Eames
/m/01wxlt,330963,,,,,,18050095,Horace Vernet
,,,,,,,18050099,Cholet
,,76690014,,,,,18050101,A. Henry
,,,,,,,18050103,Delmes
/m/07k5y0n,24213555,,,5729,,,18050113,Carol Summers
/m/02z2gyj,,,,,,,18050115,Judith Brown
/m/0ccjn,,,,,9600,,18050137,Alessi
/m/06_x0x8,23845685,,,,,,18050147,John Oster Manufacturing Company
,,,,,,,18050183,Hoover
,,,,,,,18050245,Bunzlau
,,,,,,,18050247,Grünstadt
/m/02f1wq,475896,,,,,18296159,18050337,Lucas van Leyden
/m/0d3fwr,5117279,,,7936,,,18050379,Wendell Castle
/m/01gb8w,221468,,,,,,18050387,Luca Giordano
/m/017zf_,176672,,,,,,18050419,Polaroid Corporation
/m/07v8dq,2648968,,,,,,18050457,Robert Frederick Blum
/m/03hhsj9,15111810,,,4918,,18295433,18050491,Richard Riemerschmid
/m/0123m1,143410,,,,,,18050511,Umbra
/m/0dvns,52717,,,5723,,,18050521,Louis Henry Sullivan
/m/0cz8hp4,28572877,,,,,,18050541,Iroquois China Company
/m/02pwzp6,9917265,,,,,,18050545,Boston and Sandwich Glass Company
/m/04f65gm,18337164,,,,,,18050591,Alfonso Iannelli
,,,,,,,18050609,Mary Mitchell
/m/0bh748l,26653373,,,,,,18050617,Judith Clarke
,,,,,,,18050619,Elizabeth Andrew
,,,,,,,18050651,Mary Brown
/m/0j25fvd,34604531,,,4749,1269,,18050663,Otto Prutscher
/m/01qh39,290195,100323855,,,,,18050679,Elizabeth Warren
/m/02vw1sp,12212694,,,,,,18050689,Mary Ann Wilson
/m/05r7qh,1723749,,,,,,18050695,Sarah Patterson
,,,,,,,18050697,Mary Slatter
/m/0bj33b,4102790,,,,,,18050699,Ann Bell
/m/02z58yg,13068568,,,,38007,,18050711,Richard-Ginori
/m/02qv1r5,10921590,,,,,,18050719,Eliza Thompson
,,,,,,,18050727,Mary Follet
,,,,,,,18050753,Mary Chapel
/m/027tpx6,9019459,,,,,18308415,18050801,Maurice Marinot
/m/01sj_s,306181,,,4823,12769,18294687,18050813,Robert Rauschenberg
,,,,,,,18050843,Christopher Carruthers
,,,,,,,18050863,Francesca Martin
/m/098fb6,3377597,,,,,,18050877,Jay Crawford
/m/0ftdd,57627,,,,,,18050905,Eastman Kodak Company
,,,,,,,18050913,Luisa Dias
/m/04cv4k6,18209024,,,,,,18050969,Xavier Gonzalez
/m/04n4yv7,19657535,,,,,,18050985,Bruce Metcalf
,,,,,42132,,18050987,Richards
/m/02pmb33,9627326,,,747,,,18051011,Pieter Brattinga
,,,,,,,18051029,Flos
,,,,,,,18051045,Albert Ludovici
,,22204997,,,,,18051047,Charles Rosenberg
/m/0dn4w_,5467171,,,,,,18051051,Giuseppe Vasi
,,,,,,,18051067,Lazin
/m/0j9p955,35462664,,,,,,18051069,Katalan
/m/0fllxk,6032861,,,5225,,,18051113,Peter Schlumbohm
,,,,,,,18051123,Michael Schneider
/m/0h7ng6,7164457,,,,,,18051153,Henry Varnum Poor
/m/0g5439q,30089081,,,,,,18051207,Charles Abraham Chasselat
/m/0vdk,1938,94625754,,,,,18051235,Andrew Carnegie
/m/026xjp0,8243089,,,,,,18051289,Jean-Michel Moreau le Jeune
/m/0gwwdd,6915433,,,,,,18051299,Pierre Dupuis
/m/093_vw,3296342,,,,,,18051305,Lebbeus Woods
/m/025x5_4,7248357,,,342,,,18051493,Will Barnet
/m/07_m2,32603,9854560,,2206,,,18051495,Vincent Van Gogh
/m/04xsmy,1375695,34450286,,4154,54279,,18051541,Josef Müller-Brockmann
/m/0286gq4,9377329,,,,,,18051611,Edgar Brandt
/m/02rbv2y,11419393,,,,,,18051659,Giovanni Battista Galestruzzi
/m/04s3ty,1313221,,,,,,18051661,Giovanni Francesco Grimaldi
,,,,,,,18051665,Italian
/m/0hfyj,65828,,,,,,18051731,Smithsonian Institution
,,,,,,,18051785,William Pitt
/m/02bw4_,457798,39589087,,,,,18051787,Norman Bel Geddes
/m/013pfg,151357,32243757,,,,,18051793,Thomas Chippendale
/m/049kqx,1138120,,,3115,,,18051815,Ernst Ludwig Kirchner
/m/01dn3v,208687,4940255,,,,18299393,18051861,Jean Baptiste Camille Corot
/m/09b3v,37398,,,,,,18051901,Walt Disney Company
,,,,,45101,,18051907,Fitch
/m/02xvdp,624029,,,,,,18051919,Duncan Phyfe
/m/04z4d4,1394623,283709,,,,18295953,18051935,William Merritt Chase
/m/09gmwww,25106060,,,,,,18051951,Enea Vico
/m/01nfbq,266243,,,8692,,,18051969,IDEO
,,,,,,,18052025,Unknown
,,,,,,,18052029,Unknown
/m/026_mfm,8329716,,,,,,18052033,Alexandre Jacovleff
,,,,,,,18052035,Unknown
,,,,,,,18052043,Unknown
,,,,,,,18052047,Unknown
,,,,,,,18052051,Unknown
/m/01xf8t,335390,12347231,,97,12402,18295581,18052071,Josef Albers
/m/03c3yt5,13396367,,,,,,18052091,Rudolf Staffel
,,,,,,,18052115,Bihl
,,,,,,,18052121,Zell
/m/0ch4zmb,27918701,,,,,,18052123,Nicolas Beatrizet
/m/06q1qh,2144760,,,,,,18052229,Industrial Designers Society of America
/m/080fslv,8038111,,,,,,18052239,Charles Pollock
,,,,,,,18052279,Vice Versa
/m/0fqsd,,,,,,,18052301,Olympus
/m/01yq83,345893,,,311,,,18052333,Giacomo Balla
/m/0fpjrn1,29588070,,,,,,18052347,Albert Gregory
,,,,,,,18052357,David Andersen
/m/0h3xcxh,32830793,,,,,,18052393,Antoine-Andre Ravrio
/m/05w9yd,1779792,,,,,,18052407,Edward Sorel
,,,,,,,18052495,Winterhalter
/m/0h1f3b_,32500620,,,,,,18052543,George Stavrinos
/m/0br9gn,4232335,,,,,,18052559,Pentagram Design
,,,,1410,,,18052585,Paul Davis
/m/051_3pw,20589817,,,,,,18052647,Vlastislav Hofman
/m/05q9sz1,22238604,,,,,,18052659,Alexander Isley
/m/01wb_3,327612,,,,,,18052713,Radio Shack
/m/01ztm_,355541,,,,,,18052719,Thomson Consumer Electronics
/m/026w2q0,8204189,,,,,,18052721,SABA
/m/01_p3w,363233,,,,,,18052781,Samuel Mockbee
/m/0lwkh,18998781,,,,,,18052787,"Nike, Inc."
/m/0265153,7546101,,,5401,,,18052839,Everett Shinn
/m/05r50h,1722742,14782093,,1498,,,18052867,Fortunato Depero
/m/0641059,22784518,,,,,,18052885,U.S. Glass Company
/m/0ks2s1,7315947,15040640,,,,,18052911,Stefan Sagmeister
,,,,,,,18052919,Barbara White
/m/0c10vb,4414814,,,,,,18053031,Robert Ingersoll Aitken
/m/0h3tcgf,29630805,,,,1077,18308329,18053137,New England Glass company
/m/0w0x,2009,71410602,,34,1020,,18053139,Alvar Aalto
/m/010q8,2729,,,,,,18053169,Arthur J. Stone
/m/0d_w7,53404,,,2108,,,18053195,Frank O. Gehry
/m/02t2v3,590644,,,,,,18053205,Charles Rohlfs
/m/04jxp,17897,,,7166,,,18053223,Ludwig Mies van der Rohe
/m/0g56s4t,30075096,,,,,,18053243,Jérôme-François Chantereau
/m/0d_h8,53352,,,5103,,,18053281,Eero Saarinen
/m/029hs1,446877,96295948,,2697,,,18053303,Armin Hofmann
/m/02qw4qt,10955926,42774552,,,,,18053323,J. Abbott Miller
/m/0fyt5,58235,,,,,,18053359,U.S. Department of Transportation
,,,,,,,18053515,Superbag
/m/05mxjvv,21785596,,,,,,18053539,Robert Dozier
/m/0900tb,3231779,,,,,,18053561,Robert Winthrop Chanler
,,,,1915,14282,,18053605,Alan Fletcher
/m/03qcx0f,15848964,,,,,,18053621,Bruno Moretti
/m/071n66,2295131,,,35,,,18053629,Aino Aalto
,,,,,31634,,18053639,Artek
/m/05f2x3p,21379301,,,,,,18053645,Jean-Michel Wilmotte
,,,,,60671,,18053647,Academy
,,,,,,,18053663,William Adams
,,,,,,,18053669,O-Luce
/m/05fxn,21694,,,,,,18053677,"NeXT, Inc."
/m/0456nx,,,,,,,18053681,Thomas De La Rue
/m/03wgs9t,16315837,,,,,,18053695,Mark Wheatley
/m/0dfz66,5330606,95874994,,3224,,,18053709,Mark Kostabi
/m/0fkkt2,6012951,,,,37926,,18053731,Brionvega
,,,,,,,18053755,Doug Wilson
/m/06m8rp,2102471,,,,,,18053787,Pierre-Yves Pelletier
,,,,,,,18053793,Thomas Wood
/m/0250f,7672,,,,,,18053795,Chuck Jones
/m/09g8k83,25094112,,,,,,18053799,Ed Koren
/m/0gtt8yz,31737338,,,,383,,18053821,Coloroll
/m/0cx9l0,4961959,,,,,,18053841,Hilton McConnico
,,,,,,,18053857,Morgantown
/m/0395wn,761315,,,,,,18053875,Roger Taillibert
/m/0fp8r_,6083050,,,,,,18053877,David Tisdale
/m/04zvfb1,20403808,,,,,,18053885,Philip Burton
/m/03cbf4_,13595277,,,289,,,18053891,William Bailey
/m/017b13,173057,,,5640,,,18053895,Frank Stella
/m/04rzwz,1311849,,,5086,37425,18295179,18053897,Edward Ruscha
/m/02gvjt,491264,260193,,531,,,18053901,Harry Bertoia
/m/05b3wjl,20903889,,,,,,18053911,Angelo Mangiarotti
,,,,,,,18053943,Michael Matthews
,,,,,,,18053953,Karen Brown
/m/02pkx3g,9584415,,,,,,18053967,Sam Aaron
/m/02qkgzm,10622141,,,,,,18053971,Michaele Vollbracht
/m/016r77,169709,,,5824,,,18053975,Walter Dorwin Teague
/m/07krw,30775,69106390,,,,18302661,18053977,Thomas Nast
/m/0kt82x,7723281,,,3688,31596,,18053979,Vico Magistretti
,,,,5866,42656,,18054021,Thonet Brothers
/m/07sb9m9,,,,,,,18054059,Herman Mueller
/m/0452d,16310,,,,,,18054061,Jacopo Amiconi
,,,,,,,18054089,Apron
/m/066r8s,1927435,,,2026,,,18054177,Shigeo Fukuda
,,,,,,,18054229,Bell Telephone Company
/m/0gdfwf,6604370,,,6502,,,18054231,Tadanori Yokoo
/m/02x3n1g,12759198,,,,,,18054253,Maria Longworth Nichols
/m/05znh62,22465280,,,,,,18054261,August Wilhelm Holmstrom
/m/0cbjf,45376,,,,776,18308261,18054265,Baccarat
/m/096t69,3343012,,,,,,18054269,Matthew Rolston
,,,,,,,18054295,PAF
/m/05998q,1545938,,,,,,18054321,LeRoy Neiman
,,,,,,,18054343,Tebong
,,,,,,,18054405,Sagmeister Inc.
/m/0cg9kg,4667421,,,,,,18054437,Joseph Michael Gandy
/m/0jt1_,74097,,,6336,,,18054461,James Abbott McNeill Whistler
/m/03lr35,885620,,,,46454,18302119,18054477,Martin Schongauer
/m/0c6hdr,4513984,,,,,,18054493,Otl Aicher
,,,,,,,18054623,American Thermos Bottle Company
,,,,,,,18054677,Limbach
,,,,,,18298867,18054727,James Hadley
/m/05b0vp3,20993953,,,,6695,,18054739,Haviland & Co.
,,,,,,,18054753,Herder
,,,,,,,18054771,Holiçs
/m/05n4hz,1683889,,,,,,18054799,Francesco Melzi
/m/0gk_4wc,31453124,,,,12101,,18054817,Elkington & Co.
,,,,,,,18054841,Thomas Hope
/m/0ftt1y,6167755,,,,,,18054871,American Institute of Graphic Arts
/m/09f2j,37765,,,,,,18054935,UCLA
/m/026qk8b,8075461,,,,,,18054937,Yale University School of Art
/m/04641z1,17575706,,,8575,,,18054939,Herbert Krenchel
/m/08815,34273,,,,,,18054949,Yale University
,,,,,,,18054969,Megalit
/m/05jzss,1641878,,,,,,18055007,John Adler
/m/09qhqq,3621658,,,,,,18055025,Lightolier
/m/042x1n,1064863,,,,,,18055031,Cummins
/m/02hp6p,498528,,,,,,18055043,University of Hartford
/m/01rpc_,299202,,,,,18297691,18055063,Jean Baptiste Carpeaux
/m/0523wk7,20559850,9398904,00098343,,,,18055091,Neil Selkirk
/m/08r5qp,3096843,,,,,,18055175,Kenny Scharf
,,,,,,,18055227,Unknown
/m/03lk29,883541,,,,,,18055229,Sebastiano Conca
/m/0272718,8403266,32133820,,,,,18055275,Maira Kalman
,,,,,,,18055303,Renard
/m/027jjn,429739,,,,,,18055309,Isaac Mizrahi
/m/0fr1dc,6118566,,,,,,18055319,fuseproject.
,,,,,,,18055323,Brian Connelly
/m/047dl7f,17868384,,,2949,,,18055329,Finn Juhl
,,122244068,,,,,18055381,Mary Freeman
,,,,,,,18055389,Rebecca Knight
,,,,,,,18055393,Ann Wood
,,,,,,,18055395,Mary Johnston
,,,,,,,18055415,Mary Wood
/m/0284chk,9318147,,,,,,18055431,Claude Vignon
/m/01cl0d,18885017,,,,,,18055471,A+M Records
/m/03c7r99,13511513,,,,,,18055495,William Cripps
/m/03kb4x,871232,,,,33096,,18055523,Benozzo Gozzoli
/m/0k3mbrl,36373864,,,,,,18055569,Paulding Farnham
,,,,,,18307143,18055611,Snowcrash
/m/074g02,2332995,,,5392,647,,18055621,Cindy Sherman
/m/03w9g9d,15442617,,,,,,18055657,Pierre Chareau
/m/06b4f1,1973614,,,,,,18055663,Jeffrey Chodorow
/m/01ny1z,,,,483,,,18055669,Thomas Hart Benton
/m/03kc8p,871569,,,,,,18055671,Hubert Robert
/m/051mn,20127,,,1757,,,18055709,Maurits Cornelis Escher
/m/0h_djp3,3257952,,,,,,18055711,Gabriele Valvassori
/m/02hxx9,501455,,,,,,18055723,Peter Rice
/m/019h4r,186480,,,7496,72390,18307939,18055731,Gilbert & George
/m/0g1ss,58822,,,,,,18055749,Federigo Zuccaro
/m/05f7pmr,21371056,,,,,,18055755,James Dixon & Sons
/m/05zs95k,22785776,,,,14952,,18055797,William Boswell
,,,,,,,18055839,Rosendahl
/m/051w46k,20611006,,,,,,18055849,Jean Baptiste-Marie Pierre
/m/01scvf,304903,39471157,,,,,18055857,Eliel Saarinen
,,,,,,,18055863,Storeys
/m/03n9g_,902093,,,,,,18055877,Belisario Corenzio
/m/059k72,1548991,,,,,18303163,18055881,Corrado Giaquinto
,,,,,,,18055883,Rodriguez
/m/0gffbjp,30815925,,,,,,18055887,Francesco Coghetti
/m/03qjljt,15971495,,,,,,18055915,Lois Greenfield
,,,,,,,18055931,John Scott
/m/0ch1l1q,27901255,,,,,,18055939,Taxile Doat
/m/04x6x7,1368482,,,1879,,,18056001,Howard Finster
/m/06krnf,2079774,,,,,,18056003,Cushman & Wakefield
/m/08wxj7,3171091,95834380,,,,,18056027,Jacques Le Moyne
/m/0c0x7,44112,,,,,,18056035,John Dalton
/m/03c6b2n,13468169,,,,,,18056037,Lynn Goldsmith
/m/02wwdz7,12574031,,,,,,18056049,Paula White
,,,,,,,18056087,Maharam
/m/02wylxg,12624735,,,,,,18056119,Augustin Hirschvogel
,,,,,,,18056151,Mary Harris
/m/0fl7g2,22529983,,,,,,18056153,Sarah Harris
/m/039nyl,766029,,,5471,,,18056163,John French Sloan
,,,,,,,18056171,Barry Lewis
,,,,,,,18056173,George Thompson
/m/047mll,1118521,,,,,,18056177,Brian Dewan
,,,,,,,18056209,Tim Horn
/m/093pw8,3291499,,,5933,,,18056251,Rosemarie Trockel
/m/0kbjp9z,36494033,,,3923,,,18056259,Leopoldo Mendez
/m/09tts3,3675374,,,,,,18056281,Ilmari Tapiovaara
/m/036xzw,735781,,,,,,18056285,Emile-Jacques Ruhlmann
/m/057x7r,,,,,65985,,18056291,Christo Javacheff
/m/0663_y,1919667,,,559,,,18056293,Max Bill
,,,,,,,18056319,James McGuigan
/m/03n0hg,899292,,,,,,18056343,Antoine Denis Chaudet
/m/0180z2,177199,,,,,,18056345,Charles Percier
/m/09fly1,3477566,,,,,,18056369,Pierre-Francois-Leonard Fontaine
/m/0g57067,30151183,,,,13321,,18056381,Thomas Shotter Boys
/m/09pbvr,3604091,,,,,,18056403,Demetre Chiparus
/m/02h8dl,494993,,,,,,18056417,Trenton Doyle Hancock
/m/0288y9g,9439111,,,,,,18056447,Nick Waplington
/m/09_xn,40112,,,1364,5875,18299107,18056507,Salvador Dalí
/m/0b5f0z,3891922,,,,,,18056551,Joseph Fuchs
/m/04g0p0,1191710,,,,,,18056645,Collective for Living Cinema
/m/052prf,1452234,,,4117,,,18056695,Victor Moscoso
/m/03f6cvk,15526024,,,,61905,,18056697,Neon Rose
/m/027pwrv,8924169,,,,,,18056707,East Wind
/m/054l0v,1476925,,,,,,18056709,Jay Chiat
,,,,,30840,,18056711,Dottie
/m/0bwljfl,27207667,,,8396,,,18056721,John H. Myers
/m/03dldr,810126,,,,,,18056725,Rick Griffin
/m/05qb989,9753938,,,,,,18056727,Peter Bailey
/m/0bwzhw,4321009,,,,,,18056767,Peter Butcher
/m/03p7m0,912428,,,,,,18056899,Samuel Yellin
/m/0fx4s5,6214185,,,,,,18056967,Serge Lutens
/m/079lgb,2402234,,,,,,18056969,Phil Mitchell
/m/02p_10k,10020911,,,,,,18056975,Carol Anthony
/m/02x4d64,12775249,,,,,,18056989,David Strong
,,,,,,,18056997,Larsen
/m/0h_9k7x,,,,,,,18056999,Arthur Ignatius Keller
,,,,,,,18057005,Carlos Huerta
/m/02j22x,502656,,,,,,18057023,David Stone
,,,,,,,18057025,Albano
,,,,,,,18057027,Mike Hicks
/m/0c2qzf,4444101,,,,,,18057037,Pier Francesco Mola
,,,,,,,18057039,Ortega
/m/03hhxn,854669,,,,,,18057049,Antoine Louis Barye
/m/0h_br6f,34387039,,,,,,18057071,Carlo Amati
/m/04lgxlg,19285036,,,,,,18057081,Pietro Camporese the Younger
/m/0g54v6v,30034070,,,,,,18057083,Charles Michel-Ange Challe
/m/09vzn3,3697407,,,,,,18057085,Charles-Louis Clérisseau
/m/0417tq,7738095,,,,,,18057099,Claude-Nicolas Ledoux
/m/0gqktv,6818006,,,,,,18057105,Pierre-Louis Moreau-Desproux
/m/03gx3_d,14762722,,,,,,18057107,Pierre-Adrien Paris
/m/04m5yz,1250909,,,,,,18057117,Peter Kuhlman
,,,,,,,18057119,Mark Peterson
,,,,,,,18057127,Thomas Strong
,,,,,,,18057129,W. Baker
,,,,,,,18057137,Planier
/m/0gysxn1,32382203,,,,,,18057145,Luigi Rossini
/m/0byk96,4350538,,,,,,18057147,André-Jacob Roubo
,,,,,,,18057157,Unknown
,,,,,,,18057161,Unknown
,,,,,,,18057171,Unknown
/m/0fv4lh,6173130,,,3572,,,18057187,Harvey Littleton
/m/0bg5cm,4062778,,,,,,18057249,Preston Scott Cohen
,,,,,,,18057295,George Schmidt
/m/03gmfy,846558,,,,,,18057297,IDG
/m/044jl0,1083210,,,,13415,,18057317,Lord & Taylor
/m/01cy4y,203793,,,,,,18057343,"Ministry of Defense, United Kingdom"
,,,,,,,18057361,William Spooner
/m/03cw9g,797666,,,,,,18057393,Filippo Juvarra
/m/0cc9fjg,27756090,,,,,,18057421,Jane Thompson
,,,,,,18294807,18057483,Henri Cros
,,,,,,,18057507,Villa Demidoff
/m/02z5bhw,13069809,,,,,,18057513,Jean Dunand
/m/04gr88_,18883065,16581031,,,,,18057529,Roy McMakin
/m/07s8dm3,24341703,,,,,,18057531,Heath Ceramics
/m/05mxdl,1680781,,,,50936,,18057549,Aegidius Sadeler
/m/027695k,8517688,,,,,,18057551,Cherubino Alberti
/m/0_52,2526,,,,,,18057589,Agostino Carracci
/m/031ch,11460,,,8455,2399,,18057631,Ford Madox Brown
/m/04f57y5,18512349,,,,,,18057677,Jan van de Velde
/m/0gtv_ty,31839648,,,,,,18057741,Colossal Pictures
/m/05h1_63,21569680,,,,,,18057765,Joaquim Tenreiro
/m/03dvjd,816238,,,,,,18057783,Bernard Palissy
/m/0281wxk,,,,,,,18057795,Oliver Smith
/m/0282j_j,9272767,,,,,,18057803,Freddy Wittop
/m/03c0_pv,13297549,,,,,,18057821,Paul Becker
/m/0gg709b,30889853,,,,15883,,18057873,Adriaen Collaert
,,,,,,,18057889,Epic
,,,,,,,18057937,Craig Wood
/m/02fr7_,481729,67278466,,,,,18057941,E. Fay Jones
/m/0bh99ng,26615530,,,,,,18057943,Landers Frary & Clark
/m/032h4l,681518,,,,,,18057953,Giovanni Paolo Panini
/m/0gc9cr,,,,,,,18057955,Kristian Vedel
/m/0cw3g1,4938750,,,515,,,18057961,Lucian Bernhard
/m/02r5tbs,11271126,,,,,,18057983,Marten de Vos
/m/04rd8_,1304174,56883752,,,,,18058085,Edwin Howland Blashfield
/m/03cx8wq,14189397,,,,,,18058131,Harry Fenn
,,,,,,,18058139,Annin
,,,,,,,18058257,Bross
,,,,333,,,18058269,George Barker
/m/047ncmk,18084581,,,,,,18058275,Eduardo Zamacois y Zabala
,,,,,,,18058285,John Andrew
/m/07k8hz6,23998938,,,,,,18058297,Mary Nimmo Moran
/m/03cdgcd,13663546,,,,,,18058299,Theodore R. Davis
,,,,,,,18058321,Jacqueline U.
/m/09gprg3,25313249,,,,,,18058327,Frank Jay Haynes
/m/03y9bw2,16532086,15073717,,,,,18058329,John K. Hillers
,,,,,,,18058337,Paul Haigh
/m/09rxc_m,25540081,,,,,,18058345,Jean-Baptiste Lallemand
/m/0h3wfyf,32740907,,,2700,,,18058415,Ludwig Hohlwein
,,,,,,,18058535,Burroughs
/m/07mjbd,2551029,,,,,,18058615,Jean Baptiste Le Prince
/m/02cw6w,465931,,,,,,18058701,Jonathan Ive
/m/02vzzwv,31594435,,,,,,18058829,Humanscale
/m/093k4j,3289056,,,2631,,,18058887,Sheila Hicks
/m/08rbvg,3099319,,,,,,18058915,Thomas Lamb
/m/0bt97h,4269325,,,,,,18058945,McKim Mead and White
/m/04d1f31,,,,,,,18058957,Luciano Benetton
/m/02w8bn_,12483747,,,,,,18058961,Margaret Helfand
/m/01p7g3j,409346,,,,,,18059029,The Atlantics
/m/0g5709t,30181328,,,,,,18059073,Richard H. Mandel House
/m/0269y23,,,,7938,,18306897,18059075,Tom Dixon
/m/05rdq_,1725757,,,7999,,18307375,18059077,Marc Newson
,,,,,,,18059079,Thomas Radcliffe
,,,,,,,18059093,"""P. Ya"""
,,,,,32911,18298309,18059095,George Smith
,,,,,,,18059127,William Harrison I
/m/0f1c9,53604,,,3595,,,18059131,Adolf Loos
/m/02qsr35,10874420,12336802,,3843,,,18059149,Herbert Matter
,,,,,,,18059187,2x4
,,,,,,,18059199,Bill Anton
/m/09yfgw,3740594,,,,,,18059201,Crane &  Company
,,,,,,,18059357,Dennis Diderot
/m/0j4nb,69761,,,399,,,18059359,Herbert Bayer
/m/02q5y2x,10229040,,,,,,18059467,George Loring Brown
,,,,,,,18059481,Marco Grassi
,,,,,,,18059625,Bright Star
/m/0nk5b,95171,,,7241,,,18059631,Panasonic
,,,,,34884,,18059659,"Mag Instrument, Inc."
/m/0h3tqv6,32727329,,,,,,18059703,François Vivares
/m/046cp,21816397,,,,,,18059737,John Jay
/m/04rf2s,1304471,,,,73755,,18059897,Jacques-François Blondel
/m/09gn77t,25143253,,,3854,,18307863,18059961,Ingo Maurer
/m/02fvkd,482575,,,,,,18059963,Pietro da Cortona
,,,,,,,18060071,Chadwick
/m/02ryhfk,11929859,,,,,,18060073,Nick Butler
,,,,,,,18060075,Pierre Germain
,,,,,,,18060105,PD
/m/0k28_17,36258085,,,,,,18060113,Antoine Aveline
,,,,,,,18060117,Gerlach
,,,,,,,18060121,Jacques Dumont
,,,,,44570,,18060133,Thomas Johnson
/m/07k14w,,,,,,,18060151,Matthias Darly
,,,,,,,18060157,Unknown
/m/08lgcf,3026523,,,,,,18060159,Pieter Coecke van Aelst
,,44338254,93033314,,,,18060169,Bachelier
,,,,,,,18060171,François Cuvilliés
/m/03fzzx,840184,19737376,,,,,18060189,Hendrik Goltzius
/m/01r0ss,294462,,,,34934,,18060193,Anthony van Dyck
/m/01fbwn,214028,,,,,18300735,18060209,Antonio Canale
/m/03cmpp,794886,17495441,,1116,,,18060211,Howard Chandler Christy
/m/0k2dq00,36258337,,,,49401,,18060217,Pierre-Alexandre Aveline
,,,,,,,18060219,Bonneval
,,,,,,,18060257,Thomas Heming
/m/0gwx9s,6916168,,,,,,18060273,Nichia
/m/06zm_xl,23690207,,,,,,18060283,Maarten Vrolijk
/m/02gx21,491662,,,,,,18060335,Henry Van de Velde
,,,,,,,18060345,Barbara Brown
/m/03_f0,9906294,,,,4078,,18060351,Johann Sebastian Bach
,,,,,,,18060355,Dubois
/m/0g5rswb,30455296,,,,73149,,18060427,Jacques Chereau
/m/09gqk2w,,,,,,,18060429,Jacques-Gabriel Huquier
,,,,,45504,,18060443,Charles Wild
/m/02q1d1,,,,,4690,,18060447,William Henry Hunt
,,,,,,,18060467,English School
,,,,,,,18060471,James Roberts
,,,,,,,18060483,L. Rossi
/m/0lxb,1030,,,,,,18060487,Austrian School
/m/0h51nqv,33035325,,,,,,18060489,George Pyne
/m/07d0qb,2438128,,,,,,18060493,Rudolf von  Alt
/m/05cckk,1571751,,,,,,18060511,Edward Lamson Henry
/m/095f6y,3318467,,,,,,18060513,Franz Alt
/m/0hhtzp6,33816683,,,,,,18060517,Anna Alma-Tadema
/m/06jp6v,2065441,17218920,,479,8868,,18060523,Alexander Benois
/m/02pldt4,9599848,,,,,,18060539,Matthäus Günther
/m/03c3svm,13391189,,,,,,18060549,Marian Bantjes
/m/026jy7k,7916042,,,,,,18060565,Frederick S. Church
,,,,,,,18060719,Abraham Gallatin
/m/0h0qh2,7021089,,,,,,18060735,"Rolls Razor, Ltd."
,,,,,15104,,18060861,John Hamilton
/m/05zmpx7,22691338,,,,3726,,18060863,Henry Spicer
,,,,,,,18060881,John Pennington
/m/06zr9s4,23774395,,,,,18306823,18060899,Tord Boontje
,,,,,,,18060947,Bill Graham
/m/0307q6,656994,,,,1844,18298903,18060985,Suzuki Harunobu
,,,,,,,18060989,Utagawa Toyokuni
,,,,,,,18061035,Schubert
/m/06q07,26989,,,,7944,,18061051,Sony Corporation
,,,,,,,18061097,Wilhelm Koch
/m/0jwrv94,35952541,,,,,,18061105,Francis Lycett
/m/027h6zr,8746022,,,,9691,,18061137,Battista Franco
/m/0g5s1dm,30341180,,,,,,18061145,Jakob Frey
,,,,,,,18061159,Joseph Muller
/m/07xr4m,2683203,,,,,,18061191,Gerard Audran
/m/0bskk2,4254029,,,,,,18061199,Ferdinand Alexander Porsche
/m/028bnjj,9482391,,,8611,,,18061213,Thomas Demand
/m/03lnqz,884795,,,,,,18061223,Luigi Vanvitelli
/m/0ch57ph,27896932,,,,,,18061235,Pierre-Francois Basan
/m/0crhj7k,28489375,,,2968,,,18061267,Jacob Kainen
/m/0hgps_j,33529249,,,,,,18061277,Sheila Bridges
,,,,,,,18061293,Anstey
/m/02x3qks,12761633,,,,,,18061309,M. Louise McLaughlin
/m/0bx_z6t,,,,,,,18061315,EDRA
/m/0dkf44,5406324,,,,,,18061393,Sarah Dunsworth
,,,,,,,18061421,Janice Arnold
/m/011wgw,141986,,,,,,18061469,Toussaint L'Ouverture
/m/03hg0fv,15057312,,,,,,18061521,Louise Campbell
/m/0j7lg94,35190500,,,,,,18061551,H. Stern
/m/02r03rq,11102940,,,,,,18061559,Jessica Helfand
/m/0gqktv,6818006,,,,,,18061565,Pierre Louis Moreau Desproux
/m/01qx3t,293476,,,,,,18061569,Stora Enso
,,,,,58477,,18061575,Warner
/m/0g5pymw,30349148,,,,,,18061581,Tokujin Yoshioka
/m/027htkr,8760883,,,,,,18061607,Edison Electric Institute
,,,,,,,18061613,Michael Angelo
,,,,,,,18061621,Dominique Collin
,,,,,,,18061647,Elios
/m/037cm1,740716,,,,44568,,18061653,Richard Cosway
/m/047fd3j,,,,,3665,,18061657,John Miers
/m/05b_r93,21249091,,,,,,18061663,Lexon
/m/0gtwcsf,4447098,,,,,,18061681,Théodore de Bry
/m/0fl7l,56293,,,,,,18061687,Clive Sinclair
/m/03g_3z,849999,,,,61714,,18061689,Sinclair Radionics Ltd.
/m/08rm9c,3103351,,,,,,18061693,Parfums Caron
/m/0274yhv,8478734,,,,,,18061757,Francesco Piranesi
,,,,,,,18061773,Ugen
,,,,,,,18061813,William Frend De Morgan
/m/0h1h0xf,32563064,,,,,18307637,18061981,Halsey Ricardo
/m/03hgkm,854318,,,,,,18062025,Gerard Edelinck
,,,,,,,18062027,Arrivet
/m/0dcggz,5282846,,,,,,18062069,Rebecca Knox
/m/0g9xc3q,30613064,,,,,,18062071,Sarah Phillips
,,,,,,,18062075,Margaret Dennis
,,,,,,,18062077,Sarah Beckett
/m/0gx2n1x,32085218,,,,,,18062081,Jane Fraser
/m/04lf16z,19297781,,,,,,18062099,Claude Guy Hallé
/m/09s0_x,3647044,,,2423,,,18062129,Renato Guttuso
/m/0hmx4,66910,,,1500,,,18062133,André Derain
/m/08mfv0,3038971,44307245,,1935,,,18062135,Jean-Louis Forain
/m/0ckgtm,4732652,,,6545,,18302335,18062137,Zao Wou-ki
/m/03c9x6p,13577556,,,,,,18062201,Tom Kundig
,,,,,,,18062245,Arco
,,,,,,,18062249,Pilot
/m/027l_87,8851020,,,,,,18062279,David Rockwell
/m/03grc43,33746269,,,,,,18062281,Materialise NV
/m/02rk2rm,11581481,,,,,,18062325,Jennifer Robertson
/m/012l0,18947898,,,,,,18062333,Amnesty International
/m/08597s,2828310,,,,,,18062339,Daniel Gross
,,,,,,,18062367,Nendo
/m/0hr6y1t,34052767,,,,,,18062369,James Montalbano
/m/09fc4k,3472974,,,,,,18062399,Eton Corporation
,,,,,,,18062487,Trove
/m/05fpg1,1600591,,,,,,18062553,Bill Moggridge
/m/06gjjm,2032943,,,,,,18062585,Susan Lewis
/m/06cq3x,1995914,,,1314,,,18062597,Wim Crouwel
/m/0179y,3712,,,,,,18062607,Bell Telephone Laboratories
,,,,,,,18062611,Harry Powell
/m/041k6b,1049279,,,,9194,,18062625,Martin Sharp
,,,,,,,18062681,Greenwich School
/m/01cqlm,,,,,,,18062711,Fanny Hill
,,,,,,,18062741,Katy
/m/0l057,81669,54156251,,,,,18062761,Claude Lorrain
/m/05h1sv6,21484873,,,,,,18062773,William Brooke Thomas Trego
,,,,,,,18062783,Edward Pond
/m/06zn0m5,23777798,,,5753,,,18062789,Waldemar Swierzy
/m/0b68gb,3908184,96056622,,5189,,,18062793,Jan Sawka
,,,,,,,18062797,Guerilla Girls
/m/03cg9k8,13724649,,,6539,,,18062817,Wojciech Zamecznik
/m/0hgq5f2,33557891,,,3970,,,18062847,Tomoko Miho
/m/06ldv1,2089161,,,3480,,,18062853,Jan Lenica
/m/02w4hr_,12417903,,,4212,,,18062857,Makoto Nakamura
/m/03c8dv6,13528929,,,,,,18062859,Noriaki Yokosuka
/m/01nz1q6,34350,,,4410,52492,,18062861,Yoko Ono
/m/018tvs,181651,,,540,12452,,18062863,Joseph Beuys
/m/02rt28n,11803921,,,,,,18062869,Kishin Shinoyama
/m/0209vm,369661,,,,34921,18306905,18062871,James Dyson
/m/05cskg,,,,,,,18062873,Dyson Ltd.
/m/0crj46,4862821,73895789,,,,,18062905,Philip Galle
/m/03d2bgz,14391978,,,,,,18062911,Rodarte
/m/01c0y8,197295,,,2018,,,18062937,Roger Eliot Fry
/m/01gd2j,221889,,,,,,18062959,"Louis Rene Edouard, Cardinal de Rohan"
/m/085k0z,2831913,,,,,,18062991,Herter Brothers
/m/03wf5j9,,,,,,,18063011,Helmut Lang
/m/05f7lgf,21367432,,,,,,18063071,Kunstgewerbeschule
/m/0ct0_n,4895781,,,,,,18063085,Collins & Aikman
/m/06c99g,1989637,,,,,,18063127,Pierre Boitard
/m/01qd1p,288726,,,,13826,,18063155,U. S. Government Printing Office
/m/07yhzb,30864221,25542313,,7229,,,18063235,Rafael Viñoly
,,,,,,,18063239,Kate Mulleavy
,,,,,,,18063241,Laura Mulleavy
/m/0jt50kt,35774639,,,,,,18063283,Wilhelm Kage
/m/02x2_dw,12744828,,,,,,18063309,Seth Wells Cheney
,,,,,,,18063311,John Bennett
/m/01kqx9,247008,,,,,,18063313,Paul Manship
/m/0ddjzf_,,,,,,18307841,18063363,Erwan Bouroullec
/m/0ddjzg3,,,,,,,18063365,Ronan Bouroullec
/m/09yllr,3743118,,,,,,18063401,Bartolomeo Pinelli
/m/01b4dg,,,,,,,18063453,Sir James Thornhill
,,,,,,,18063467,Zdenek  Ziegler
/m/0d77m9,,,,,,,18063481,Pedro Almodóvar Caballero
/m/045f_k,1093884,,,,,,18063485,Fritz Fischer
/m/0b1kdl,3818361,,,,,,18063493,Wieslaw Walkuski
,,,,,,,18063495,Anne Allen
/m/07k6s35,24134069,,,4468,,,18063497,Andrzej Pagowski
/m/03cg0nq,13715313,,,,,,18063503,Stanislaw Zamecznik
/m/0jt4862,35756587,,,,,,18063553,Jacques Delisle
/m/04crzvf,18224213,,,,,,18063555,Walter Pfeiffer
,,,,,,,18063565,Robert & Durrer
,,,,,,,18063597,Karl Eckert
/m/02qcttb,10430036,,,,,,18063605,Kunsthaus Zurich
/m/0dslqy,5560288,,,,,,18063621,Amanda Levete
/m/02qxsth,11002161,52768161,,,,,18063623,Lars Spuybroek
/m/0bttbz,4278757,,,,,,18063627,Javier Mariscal
,,,,,,,18063633,Javier Gutierrez
/m/0hrdc2z,34171128,,,,,,18063635,Gaumont International
/m/02qq_v4,10818359,,,,,,18063821,Helen Hyde
,,,,,,,18063853,I E W
,,,,,,,18063861,Johann Ritter
/m/02x2phs,12736804,,,,,,18063863,Franz Mayer
/m/05jnh7,1637742,,,,,,18063875,Ron Michaelson
/m/086k8,34052,,,,10366,,18063883,"Warner Bros. Entertainment, Inc."
/m/03bxl51,6229565,,,,,,18063927,Borden Company
/m/03c2y46,13362806,,,,,,18063945,Stuart Karten Design
/m/04lj5kh,19163577,,,,,,18064155,Albert Herbert
/m/06_wwc,2272644,,,,,,18064203,Daina Taimina
/m/0dn1hn,24539248,,,,,,18064229,Wolf Bauer
/m/05c2qqn,21097999,,,,,,18064267,David Kupfer
/m/0h1jr,7664801,,,,,,18064273,3M
/m/03lk97,883619,,,,,,18064301,Willem van de Velde the Elder
/m/0413n3c,16966246,,,,,,18064331,Charles Rohault de Fleury
,,,,,,,18064335,Frantz
/m/0h1c39f,32581609,,,,12027,,18064411,Kevin Coates
/m/0m3vt,88272,105372100,,,,,18064413,Edward Gorey
,,,,,,,18064415,Samuel Wilkinson
/m/027t175,9003132,,,,39664,,18064545,Remigio Cantagallina
/m/02r14jd,11133814,,,,,,18064549,Giulio Parigi
/m/02psm2l,9801122,,,,,,18064673,Giacinto Gimignani
/m/02x68y7,12821261,,,,,,18064681,Giuseppe Marullo
/m/09v7gmc,25666261,,,,,,18064689,Francesco Manno
/m/02qt0jy,10885547,,,,,,18064695,Francesco de Mura
/m/026qknc,8075715,,,,,,18064705,Massimo Stanzione
/m/02pjbbg,9540622,,,,,,18064707,Andrea Vaccaro
/m/0g1slz,6338971,,,,,,18064711,Mattia Preti
/m/0jk_s63,3624726,,,,,,18064717,Angelo Solimena
/m/03sssv,951465,,,,,,18064719,Giacomo Cavedone
/m/04yd1_p,20199882,,,,,,18064735,Anton Sminck Pitloo
/m/03cx6k0,14186738,,,,,,18064737,Vespasiano Strada
,,,,,,,18064831,Linda Thompson
,,,,,,,18064839,Myrical
,,,,,,,18064869,Positano
,,,,,,,18064965,Sirrah
,,,,,,,18064979,Grindal
/m/0g_nq,63150,34459370,,6624,,18295329,18065033,Fernand Leger
/m/05r7xj,1723810,,,,,,18065059,Robert Peak
/m/079ltnj,,,,,,,18065085,Lazaro Hernandez
/m/05z6h0r,,,,,,,18065087,Jack McCollough
/m/02858gq,9344121,,,,,,18065091,Proenza Schouler
/m/05vpxp,1771384,,,,,,18065107,Casa da Música
/m/02zs4,30433662,,,,74878,,18065129,Ford Motor Company
/m/013pf1,151356,,,,,,18065155,Angelika Kaufmann
,,,,,,,18065167,Paolo Roberto
/m/0413300,16950557,,,,,,18065297,American Can Company
/m/0f1ct,53607,92666920,,5676,,,18065309,Edward Durell Stone
/m/097xxs,3366732,,,,,,18065323,Frederick Law Olmsted Jr.
/m/0g9x512,30502932,,,,,,18065337,Lockwood de Forest
/m/0420yl0,17116215,,,,,,18065355,Anna Maria Garthwaite
,,,,,,,18535487,Jeff Barnes
/m/03b7j3,772190,,,248,4189,,18535489,Richard Avedon
,,,,,,,18535505,Blechman
/m/01pyt1,285438,,,1633,6075,,18535555,Jean Dubuffet
,,,,,,,18535585,Hans Hansen
/m/06rp_b,2165431,,,,,,18535587,Peter Cornelius
/m/04lgj6f,19300740,,,,41607,,18535621,Peter Good
/m/01zplk,354408,,,2252,,,18535625,Arshile Gorky
/m/0c5tl,44743,,,,,18306075,18535631,Thomas Hardy
/m/01jkt6,238341,99899880,,2678,,,18535633,David Hockney
,,,,,,,18535639,Hixo
/m/0gcjf,60148,49252397,,2923,,,18535645,Jasper Johns
/m/07ypb9,2698517,,,3016,,,18535651,Alex Katz
,,,,,,,18535685,William McCaffery
/m/01vntm,322247,,,,3222,,18535691,Issey Miyake
,,,,,,,18535701,Modell
,,,,,,,18535703,Mulhouse
/m/06qds8,2149236,,,,,,18535741,Ernest Flagg
/m/08cnqq,2920109,,,,,,18535743,Tinker Hatfield
,,,,,,,18535767,Antonio Gentile
/m/0f1j3,53625,95771937,,8101,,,18535769,Paolo Soleri
/m/0j3gksq,34743603,,,5950,,,18535781,George Tscherny
/m/0cnyr23,28301049,,,6524,,,18535795,Jack Youngerman
,,,,,,,18535821,Tyler Smith
/m/03z19,23430752,,,,,,18535837,Internal Revenue Service
/m/026h1w,421246,,,,54133,,18535843,J.C. Penny
/m/01yvw2,347301,,,,,,18535845,Levi Strauss
,,,,,,,18535855,Oliphant
/m/03by15,782039,,,6260,,,18535861,Carleton E. Watkins
/m/015dvh,161535,,,,,,18535891,National Park Service
/m/01g4m_,220018,3263619,,,,,18535919,Thomas Sheraton
/m/02z59y9,13069319,,,,,,18535925,Jean-Michel Frank
,,,,,73746,,18535945,John Jackson
,,,,,75810,,18535959,James Lewis
,,,,,,,18536125,Francesco Allegrini
/m/03csd24,14062493,,,,,,18536129,Antonio Baldi
/m/03cz9vp,14254814,,,,,,18536149,Paolo Caronni
/m/0hr5wkd,34076323,,,,,,18536163,Benoit Farjat
,,,,,,,18536227,SAS [Scandinavian Airlines System]
,,,,,,,18536235,T. Johnson
/m/065_rvq,23231325,,,,,,18536251,Marco Glaviano
/m/017l96,174650,,,,38586,,18536261,Capitol Records
,,,,,,,18536265,Chelsea Porcelain Manufactory
/m/06w97mn,23445969,,,,,,18536277,Bela Borsodi
/m/01hlzm,231026,,,,,,18536279,Citibank
/m/024ztf,410200,,,3123,,,18536297,Poul Kjaerholm
/m/0dt5tg,5572776,,,,,,18536307,Mary Richards
,,,,,,,18536311,Anna Williams
,,,,,,,18536333,Mrs. Watson
/m/09p4y4,3600867,,,,,,18536349,Ackworth School
/m/09dgqj,3457421,46808185,,,,,18536373,Serge Ivan Chermayeff
/m/0n3j5n9,,,,,,,18536383,Tod Williams
/m/0cl7cd,4748112,,,,,,18536387,Wes Wilson
/m/05vhmb,1769054,,,,,,18536389,Matthew Baird
,,,,,,,18536411,Sarah Barrett
,,,,,,,18536453,Abigail Freeman
/m/0b_hbp,4386474,,,,,18303901,18536507,Christofle
/m/01_v75,364576,,,,,,18536563,Marmon Motor Car Company
,,,,,34590,,18536565,Boucher
/m/01rzkj,301708,,,4324,,,18536617,Isamu Noguchi
/m/03n20b,899786,,,,,,18536621,Zenith Radio Corporation
/m/09gjd2,3493570,,,4967,,,18536623,Terence Harold Robsjohn-Gibbings
/m/0ch5k78,27997634,,,,38164,18299451,18536723,Newcomb Pottery
,,,,,40670,,18536809,Richard Watson
,,,,,,,18536811,Jason Short
/m/026v5,7952,,,,,,18536817,Digital Equipment Corporation
/m/02g110,484143,,,6210,,,18536857,Otto Wagner
/m/09jv4p,3531525,77118926,,,,,18536903,Joseph Urban
,,,,,,,18536907,William Moore
/m/0635bb,1878698,,,2702,,,18536969,Steven Holl
,,,,,,,18537089,Kronach
,,,,,,,18537187,Belleek
/m/07bvsh,2420659,,,7261,,,18537201,Poul Henningsen
/m/04f4nwg,18418394,,,,,,18537209,Thomas Bentley
/m/044z3,16295,,,6278,,18297569,18537211,Josiah Wedgwood
/m/0bs2hq3,26993239,,,,,,18537277,Guy Boucher
/m/0h7p7mx,33258107,,,,35442,,18537299,Thomas Mayer
,,,,,,,18537301,Thomas Godwin
,,,,,,,18537307,Enoch Wood
/m/01626g,165654,,,,,,18537309,Thomas Wolfe
,,,,,,,18537327,Artur Braun
/m/04hj22,1209986,,,,,,18537329,Fritz Eichler
,,,,,,,18537331,Max Braun
,,,,,,,18537389,Edith Brown
/m/0gx0vc4,32170070,,,,,,18537399,Agostino Brunias
,,,,,,,18537437,CGM
/m/0n3jhr4,,,,4268,,,18537453,Walter von Nessen
,,,,,,,18537459,Alexander Anderson
/m/02h_g,9132,,,,68183,,18537465,Dale Chihuly
,,,,,,,18537481,Clen
/m/0gl05pd,31397653,,,,,,18537483,Manade
/m/03p25b,910432,,,5197,,,18537489,Carlo Scarpa
,,,,4257,31615,18308193,18537495,George Nelson
/m/09lxzz,3565526,,,,,,18537497,Howard Miller Clock Company
/m/0c3zkvy,,,,,,,18537501,Clignancourt
/m/036dhk,730353,,,,,,18537509,Luigi Colani
,,54252791,2002000308,,,,18537517,Peter Coles
/m/0gwqp9,6912859,,,,,,18537525,James O'Halloran
/m/05t9r8,1754021,,,,,,18537527,Terence Conran
/m/0bkt8_,,,,,,,18537533,Schick
/m/05myhlw,21696032,,,,,,18537537,Enrico Coveri
/m/0h_9qbz,34380254,,,,,,18537571,Dazey Corporation
,,,,,52147,,18537577,Beck
,,,,,4071,,18537601,Corneille
/m/0gvv1x7,31883967,,,,,,18537667,Walter Maria Kersting
/m/076t9s1,23890563,,,,,,18537695,Jordan Doner
/m/030hz6,659591,,,,,,18537697,Ronaldus Shamask
,,,,,,,18537715,Aubusson
,,,,,,,18537727,Elam
,,,,,,18307985,18537745,William Eley
/m/04rhlw,1305464,,,,,,18537773,Etienne-Maurice Falconet
/m/0czddqq,28723550,,,,,,18537799,Roger Ferriter
/m/01gh24,222599,17260670,,,72310,,18537805,John Flaxman
/m/03sb5h,946362,,,,,,18537833,Samsonite
/m/03gy3jd,14793258,,,,,,18537841,Franz Cizek
,,,,,42898,,18537899,John Hewitt
,,,,6559,,,18537909,Carlo Zen
,,,,,,,18537949,Fred Brown
/m/0854b,33807,24663766,,2359,34571,,18537963,Walter Gropius
/m/041659y,17031923,,,,,,18537975,Ruth Asawa
/m/052175v,20693172,,,,,,18538027,Raoul Pène DuBois
/m/02r2jsw,11173585,,,,,,18538099,William Drenttel
/m/01dlz0,208445,,,,,,18538145,David Adler
/m/0k3n88l,36373886,,,,,,18538189,Warren Platner
,,,,,,,18538205,Robert Valentine
/m/0dky99,5417392,,,,,,18538211,Anthony Russo
/m/01xf8c,335382,,,,,,18538243,Bell South
,,,,,,,18538269,Yamato
/m/073p76,2321821,,,,,,18538351,Andrea Sacchi
/m/049_9l,1142540,,,36,,,18538405,Eero Aarnio
/m/0bvlpb,4294295,,,8062,,,18538415,Hans Coray
/m/07p6t_,2577264,39646235,,4394,6445,,18538421,Joseph Maria Olbrich
/m/065kvh,1911257,,,,,,18538435,Henckels
,,,,,,,18538465,Expansion
/m/02vy8nr,12267479,,,,9241,,18538493,Robert Cruikshank
/m/09v9x8w,25688979,,,,,,18538495,Richard Dighton
,,,,,,,18538503,John Brodie
/m/02w8wcy,12492264,,,,,,18538509,James Byres
/m/080pr82,24776946,,,,57784,,18538511,Carlo Giuliano
/m/0jky46z,35574367,,,,,18297149,18538545,Klaus Moje
,,,,,,,18538547,Kandern
,,,,,,,18538561,Paul Speck
/m/0b5x4x,30859473,,,,,,18538573,Sir Jeffry Wyatville
/m/0h654c,7137356,,,,,,18538579,Domenico Antonio Vaccaro
,,,,,,,18538625,Antonio Lopez
,,,,,,,18538635,Page Wood
/m/0gg8pd1,30832561,,,,,,18538643,Laurie Rosenwald
/m/0269_qf,7724383,,,,33448,,18538665,Henry Alken
/m/0h68s8j,33134628,,,,,,18538693,Sid Daniels
,,,,,,,18538719,Robin Roberts
/m/087q0f,2864948,,,,11512,,18538803,André-Charles Boulle
,,,,,,,18538805,Kahla
,,,,,,,18538811,Fraureuth
/m/06_vrx2,23850059,,,4999,,,18538889,Gilbert Rohde
/m/05sz9jx,22364221,,,,,,18538919,Artur Berger
/m/02z1jsb,12963288,,,,,18308519,18538965,Yves Béhar
/m/027s_wt,9002363,,,7588,,18307187,18539061,Marcel Wanders
/m/0c6_7z,4522644,,,,13416,,18539069,Lucien Lelong
/m/0h973m2,33455863,,,,,,18539113,Heidelberg Painter
/m/072427,2301208,,,,,,18539153,Louis Carrogis
,,,,,,,18539211,Weissenberg
/m/0276vb2,8531196,,,,,,18539221,Vincenzo Brenna
/m/04jgv,17839,,,,648,,18539239,London Underground
/m/027jchd,8777224,,,,,,18539241,Hideko Takahashi
/m/075_fl,2353424,47654143,,4197,,,18539247,Elie Nadelman
/m/03hznf0,18450562,,,,,,18539253,Kyte
/m/04g1ch0,17480034,,,,,,18539285,Adelaide Alsop Robineau
/m/0dvdql,5596805,,,,37338,,18539287,Artus Van Briggle
,,,,,,,18539309,Felix the Cat Productions
/m/05f7_z7,21452570,,,,,,18539311,Bruno Monguzzi
/m/0dyb08,5651864,,,,,,18539343,Dan Reisinger
/m/02rlnpw,11615214,,,,,,18539377,Gustave Baumann
/m/01b7lc,191921,,,,,,18539387,Art Center College of Design
/m/05xxhp,1798700,,,,,,18539407,Edmé Bouchardon
/m/0c424,44517,,,,12412,,18539409,François Boucher
/m/04y95jm,20113885,,,,,,18539457,Peter Shire
/m/0bt8mx,4268907,,,,,,18539477,Moss Rose
/m/04xr86,1375125,,,,,,18539487,Heinrich Vogeler
/m/01rs82,299978,,,,,,18539553,John Davison Rockefeller Jr.
,,,,,,,18539563,Chris Taylor
